train_who,train_porder,train_score,valid_who,valid_porder,valid_score,test_who,test_porder,test_score,multi_error
1,1,243400,1,2,223010,1,3,181870,0.1706
1,1,243400,1,2,223010,2,1,210550,0.2713
1,1,243400,1,2,223010,2,2,251930,0.3336
1,1,243400,1,2,223010,2,3,223700,0.3470
1,1,243400,1,2,223010,3,1,110320,0.2668
1,1,243400,1,2,223010,3,2,122580,0.2589
1,1,243400,1,2,223010,3,3,112370,0.1615
1,1,243400,1,2,223010,4,1,222600,0.4497
1,1,243400,1,2,223010,4,2,267800,0.3558
1,1,243400,1,2,223010,4,3,271990,0.3771
1,1,243400,1,2,223010,5,1,130490,0.6592
1,1,243400,1,2,223010,5,2,188720,0.5323
1,1,243400,1,2,223010,5,3,185380,0.5080
1,1,243400,1,2,223010,6,1,241880,0.4691
1,1,243400,1,2,223010,6,2,164810,0.4245
1,1,243400,1,2,223010,6,3,266820,0.3363
1,1,243400,1,2,223010,7,1,269500,0.2276
1,1,243400,1,2,223010,7,2,278840,0.2271
1,1,243400,1,2,223010,7,3,274760,0.1639
1,1,243400,1,2,223010,8,1,170430,0.3706
1,1,243400,1,2,223010,8,2,89370,0.4253
1,1,243400,1,2,223010,8,3,142120,0.3734
1,1,243400,1,3,181870,1,2,223010,0.1814
1,1,243400,1,3,181870,2,1,210550,0.2746
1,1,243400,1,3,181870,2,2,251930,0.3438
1,1,243400,1,3,181870,2,3,223700,0.3354
1,1,243400,1,3,181870,3,1,110320,0.2895
1,1,243400,1,3,181870,3,2,122580,0.2757
1,1,243400,1,3,181870,3,3,112370,0.2061
1,1,243400,1,3,181870,4,1,222600,0.4963
1,1,243400,1,3,181870,4,2,267800,0.3874
1,1,243400,1,3,181870,4,3,271990,0.4132
1,1,243400,1,3,181870,5,1,130490,0.6583
1,1,243400,1,3,181870,5,2,188720,0.5578
1,1,243400,1,3,181870,5,3,185380,0.5238
1,1,243400,1,3,181870,6,1,241880,0.4994
1,1,243400,1,3,181870,6,2,164810,0.4413
1,1,243400,1,3,181870,6,3,266820,0.3430
1,1,243400,1,3,181870,7,1,269500,0.2276
1,1,243400,1,3,181870,7,2,278840,0.2032
1,1,243400,1,3,181870,7,3,274760,0.1853
1,1,243400,1,3,181870,8,1,170430,0.4310
1,1,243400,1,3,181870,8,2,89370,0.4926
1,1,243400,1,3,181870,8,3,142120,0.4398
1,2,223010,1,1,243400,1,3,181870,0.1880
1,2,223010,1,1,243400,2,1,210550,0.2013
1,2,223010,1,1,243400,2,2,251930,0.3485
1,2,223010,1,1,243400,2,3,223700,0.1901
1,2,223010,1,1,243400,3,1,110320,0.1949
1,2,223010,1,1,243400,3,2,122580,0.2525
1,2,223010,1,1,243400,3,3,112370,0.3141
1,2,223010,1,1,243400,4,1,222600,0.4414
1,2,223010,1,1,243400,4,2,267800,0.3517
1,2,223010,1,1,243400,4,3,271990,0.3600
1,2,223010,1,1,243400,5,1,130490,0.6795
1,2,223010,1,1,243400,5,2,188720,0.5615
1,2,223010,1,1,243400,5,3,185380,0.5426
1,2,223010,1,1,243400,6,1,241880,0.4758
1,2,223010,1,1,243400,6,2,164810,0.4348
1,2,223010,1,1,243400,6,3,266820,0.3288
1,2,223010,1,1,243400,7,1,269500,0.2112
1,2,223010,1,1,243400,7,2,278840,0.1620
1,2,223010,1,1,243400,7,3,274760,0.1891
1,2,223010,1,1,243400,8,1,170430,0.3450
1,2,223010,1,1,243400,8,2,89370,0.4484
1,2,223010,1,1,243400,8,3,142120,0.4187
1,2,223010,1,3,181870,1,1,243400,0.1665
1,2,223010,1,3,181870,2,1,210550,0.2276
1,2,223010,1,3,181870,2,2,251930,0.3477
1,2,223010,1,3,181870,2,3,223700,0.2307
1,2,223010,1,3,181870,3,1,110320,0.2786
1,2,223010,1,3,181870,3,2,122580,0.2894
1,2,223010,1,3,181870,3,3,112370,0.2655
1,2,223010,1,3,181870,4,1,222600,0.4838
1,2,223010,1,3,181870,4,2,267800,0.3935
1,2,223010,1,3,181870,4,3,271990,0.3915
1,2,223010,1,3,181870,5,1,130490,0.6720
1,2,223010,1,3,181870,5,2,188720,0.5974
1,2,223010,1,3,181870,5,3,185380,0.5709
1,2,223010,1,3,181870,6,1,241880,0.4863
1,2,223010,1,3,181870,6,2,164810,0.4551
1,2,223010,1,3,181870,6,3,266820,0.3729
1,2,223010,1,3,181870,7,1,269500,0.2669
1,2,223010,1,3,181870,7,2,278840,0.2337
1,2,223010,1,3,181870,7,3,274760,0.2184
1,2,223010,1,3,181870,8,1,170430,0.3838
1,2,223010,1,3,181870,8,2,89370,0.5166
1,2,223010,1,3,181870,8,3,142120,0.4302
1,3,181870,1,1,243400,1,2,223010,0.2024
1,3,181870,1,1,243400,2,1,210550,0.2163
1,3,181870,1,1,243400,2,2,251930,0.3362
1,3,181870,1,1,243400,2,3,223700,0.1671
1,3,181870,1,1,243400,3,1,110320,0.1720
1,3,181870,1,1,243400,3,2,122580,0.2354
1,3,181870,1,1,243400,3,3,112370,0.1708
1,3,181870,1,1,243400,4,1,222600,0.4355
1,3,181870,1,1,243400,4,2,267800,0.3857
1,3,181870,1,1,243400,4,3,271990,0.3828
1,3,181870,1,1,243400,5,1,130490,0.6404
1,3,181870,1,1,243400,5,2,188720,0.5083
1,3,181870,1,1,243400,5,3,185380,0.5223
1,3,181870,1,1,243400,6,1,241880,0.3757
1,3,181870,1,1,243400,6,2,164810,0.3106
1,3,181870,1,1,243400,6,3,266820,0.1966
1,3,181870,1,1,243400,7,1,269500,0.2440
1,3,181870,1,1,243400,7,2,278840,0.2510
1,3,181870,1,1,243400,7,3,274760,0.2250
1,3,181870,1,1,243400,8,1,170430,0.3258
1,3,181870,1,1,243400,8,2,89370,0.2906
1,3,181870,1,1,243400,8,3,142120,0.2724
1,3,181870,1,2,223010,1,1,243400,0.2441
1,3,181870,1,2,223010,2,1,210550,0.2259
1,3,181870,1,2,223010,2,2,251930,0.3323
1,3,181870,1,2,223010,2,3,223700,0.1755
1,3,181870,1,2,223010,3,1,110320,0.1772
1,3,181870,1,2,223010,3,2,122580,0.2393
1,3,181870,1,2,223010,3,3,112370,0.1656
1,3,181870,1,2,223010,4,1,222600,0.4355
1,3,181870,1,2,223010,4,2,267800,0.3857
1,3,181870,1,2,223010,4,3,271990,0.3762
1,3,181870,1,2,223010,5,1,130490,0.6430
1,3,181870,1,2,223010,5,2,188720,0.5258
1,3,181870,1,2,223010,5,3,185380,0.5150
1,3,181870,1,2,223010,6,1,241880,0.3796
1,3,181870,1,2,223010,6,2,164810,0.3276
1,3,181870,1,2,223010,6,3,266820,0.2057
1,3,181870,1,2,223010,7,1,269500,0.2440
1,3,181870,1,2,223010,7,2,278840,0.2510
1,3,181870,1,2,223010,7,3,274760,0.2211
1,3,181870,1,2,223010,8,1,170430,0.3297
1,3,181870,1,2,223010,8,2,89370,0.2945
1,3,181870,1,2,223010,8,3,142120,0.2848
2,1,210550,2,2,251930,1,1,243400,0.3878
2,1,210550,2,2,251930,1,2,223010,0.3123
2,1,210550,2,2,251930,1,3,181870,0.3059
2,1,210550,2,2,251930,2,3,223700,0.1249
2,1,210550,2,2,251930,3,1,110320,0.2656
2,1,210550,2,2,251930,3,2,122580,0.2948
2,1,210550,2,2,251930,3,3,112370,0.1889
2,1,210550,2,2,251930,4,1,222600,0.4345
2,1,210550,2,2,251930,4,2,267800,0.4077
2,1,210550,2,2,251930,4,3,271990,0.4227
2,1,210550,2,2,251930,5,1,130490,0.6540
2,1,210550,2,2,251930,5,2,188720,0.6408
2,1,210550,2,2,251930,5,3,185380,0.6123
2,1,210550,2,2,251930,6,1,241880,0.5409
2,1,210550,2,2,251930,6,2,164810,0.5001
2,1,210550,2,2,251930,6,3,266820,0.3291
2,1,210550,2,2,251930,7,1,269500,0.3344
2,1,210550,2,2,251930,7,2,278840,0.3108
2,1,210550,2,2,251930,7,3,274760,0.3089
2,1,210550,2,2,251930,8,1,170430,0.3226
2,1,210550,2,2,251930,8,2,89370,0.3561
2,1,210550,2,2,251930,8,3,142120,0.3091
2,1,210550,2,3,223700,1,1,243400,0.3465
2,1,210550,2,3,223700,1,2,223010,0.2629
2,1,210550,2,3,223700,1,3,181870,0.2997
2,1,210550,2,3,223700,2,2,251930,0.1876
2,1,210550,2,3,223700,3,1,110320,0.2505
2,1,210550,2,3,223700,3,2,122580,0.2460
2,1,210550,2,3,223700,3,3,112370,0.3195
2,1,210550,2,3,223700,4,1,222600,0.3678
2,1,210550,2,3,223700,4,2,267800,0.3567
2,1,210550,2,3,223700,4,3,271990,0.3746
2,1,210550,2,3,223700,5,1,130490,0.6846
2,1,210550,2,3,223700,5,2,188720,0.6430
2,1,210550,2,3,223700,5,3,185380,0.5695
2,1,210550,2,3,223700,6,1,241880,0.5328
2,1,210550,2,3,223700,6,2,164810,0.5028
2,1,210550,2,3,223700,6,3,266820,0.3084
2,1,210550,2,3,223700,7,1,269500,0.3418
2,1,210550,2,3,223700,7,2,278840,0.3240
2,1,210550,2,3,223700,7,3,274760,0.3034
2,1,210550,2,3,223700,8,1,170430,0.2923
2,1,210550,2,3,223700,8,2,89370,0.3863
2,1,210550,2,3,223700,8,3,142120,0.2385
2,2,251930,2,1,210550,1,1,243400,0.5138
2,2,251930,2,1,210550,1,2,223010,0.4013
2,2,251930,2,1,210550,1,3,181870,0.4308
2,2,251930,2,1,210550,2,3,223700,0.2559
2,2,251930,2,1,210550,3,1,110320,0.4754
2,2,251930,2,1,210550,3,2,122580,0.3073
2,2,251930,2,1,210550,3,3,112370,0.4537
2,2,251930,2,1,210550,4,1,222600,0.6309
2,2,251930,2,1,210550,4,2,267800,0.5222
2,2,251930,2,1,210550,4,3,271990,0.5522
2,2,251930,2,1,210550,5,1,130490,0.6547
2,2,251930,2,1,210550,5,2,188720,0.6752
2,2,251930,2,1,210550,5,3,185380,0.6103
2,2,251930,2,1,210550,6,1,241880,0.5947
2,2,251930,2,1,210550,6,2,164810,0.5773
2,2,251930,2,1,210550,6,3,266820,0.4556
2,2,251930,2,1,210550,7,1,269500,0.4293
2,2,251930,2,1,210550,7,2,278840,0.4625
2,2,251930,2,1,210550,7,3,274760,0.4672
2,2,251930,2,1,210550,8,1,170430,0.3997
2,2,251930,2,1,210550,8,2,89370,0.3806
2,2,251930,2,1,210550,8,3,142120,0.3710
2,2,251930,2,3,223700,1,1,243400,0.4844
2,2,251930,2,3,223700,1,2,223010,0.3852
2,2,251930,2,3,223700,1,3,181870,0.4122
2,2,251930,2,3,223700,2,1,210550,0.2314
2,2,251930,2,3,223700,3,1,110320,0.4857
2,2,251930,2,3,223700,3,2,122580,0.3012
2,2,251930,2,3,223700,3,3,112370,0.4763
2,2,251930,2,3,223700,4,1,222600,0.6276
2,2,251930,2,3,223700,4,2,267800,0.5208
2,2,251930,2,3,223700,4,3,271990,0.5565
2,2,251930,2,3,223700,5,1,130490,0.6520
2,2,251930,2,3,223700,5,2,188720,0.6764
2,2,251930,2,3,223700,5,3,185380,0.6153
2,2,251930,2,3,223700,6,1,241880,0.6038
2,2,251930,2,3,223700,6,2,164810,0.6014
2,2,251930,2,3,223700,6,3,266820,0.4554
2,2,251930,2,3,223700,7,1,269500,0.4415
2,2,251930,2,3,223700,7,2,278840,0.4598
2,2,251930,2,3,223700,7,3,274760,0.4581
2,2,251930,2,3,223700,8,1,170430,0.4086
2,2,251930,2,3,223700,8,2,89370,0.3536
2,2,251930,2,3,223700,8,3,142120,0.3558
2,3,223700,2,1,210550,1,1,243400,0.5164
2,3,223700,2,1,210550,1,2,223010,0.3943
2,3,223700,2,1,210550,1,3,181870,0.3711
2,3,223700,2,1,210550,2,2,251930,0.3435
2,3,223700,2,1,210550,3,1,110320,0.5056
2,3,223700,2,1,210550,3,2,122580,0.4360
2,3,223700,2,1,210550,3,3,112370,0.4125
2,3,223700,2,1,210550,4,1,222600,0.5415
2,3,223700,2,1,210550,4,2,267800,0.4361
2,3,223700,2,1,210550,4,3,271990,0.4125
2,3,223700,2,1,210550,5,1,130490,0.6789
2,3,223700,2,1,210550,5,2,188720,0.6696
2,3,223700,2,1,210550,5,3,185380,0.6461
2,3,223700,2,1,210550,6,1,241880,0.6225
2,3,223700,2,1,210550,6,2,164810,0.6192
2,3,223700,2,1,210550,6,3,266820,0.4624
2,3,223700,2,1,210550,7,1,269500,0.3914
2,3,223700,2,1,210550,7,2,278840,0.3753
2,3,223700,2,1,210550,7,3,274760,0.4000
2,3,223700,2,1,210550,8,1,170430,0.4113
2,3,223700,2,1,210550,8,2,89370,0.4755
2,3,223700,2,1,210550,8,3,142120,0.4668
2,3,223700,2,2,251930,1,1,243400,0.4554
2,3,223700,2,2,251930,1,2,223010,0.3569
2,3,223700,2,2,251930,1,3,181870,0.3244
2,3,223700,2,2,251930,2,1,210550,0.1487
2,3,223700,2,2,251930,3,1,110320,0.2924
2,3,223700,2,2,251930,3,2,122580,0.2350
2,3,223700,2,2,251930,3,3,112370,0.4341
2,3,223700,2,2,251930,4,1,222600,0.5342
2,3,223700,2,2,251930,4,2,267800,0.4805
2,3,223700,2,2,251930,4,3,271990,0.4442
2,3,223700,2,2,251930,5,1,130490,0.6914
2,3,223700,2,2,251930,5,2,188720,0.6491
2,3,223700,2,2,251930,5,3,185380,0.6167
2,3,223700,2,2,251930,6,1,241880,0.6031
2,3,223700,2,2,251930,6,2,164810,0.5019
2,3,223700,2,2,251930,6,3,266820,0.4201
2,3,223700,2,2,251930,7,1,269500,0.3592
2,3,223700,2,2,251930,7,2,278840,0.3320
2,3,223700,2,2,251930,7,3,274760,0.3310
2,3,223700,2,2,251930,8,1,170430,0.3735
2,3,223700,2,2,251930,8,2,89370,0.4320
2,3,223700,2,2,251930,8,3,142120,0.4247
3,1,110320,3,2,122580,1,1,243400,0.3229
3,1,110320,3,2,122580,1,2,223010,0.2792
3,1,110320,3,2,122580,1,3,181870,0.2594
3,1,110320,3,2,122580,2,1,210550,0.2162
3,1,110320,3,2,122580,2,2,251930,0.2436
3,1,110320,3,2,122580,2,3,223700,0.3225
3,1,110320,3,2,122580,3,3,112370,0.1496
3,1,110320,3,2,122580,4,1,222600,0.4433
3,1,110320,3,2,122580,4,2,267800,0.4043
3,1,110320,3,2,122580,4,3,271990,0.3673
3,1,110320,3,2,122580,5,1,130490,0.6397
3,1,110320,3,2,122580,5,2,188720,0.5848
3,1,110320,3,2,122580,5,3,185380,0.5040
3,1,110320,3,2,122580,6,1,241880,0.3975
3,1,110320,3,2,122580,6,2,164810,0.3807
3,1,110320,3,2,122580,6,3,266820,0.3189
3,1,110320,3,2,122580,7,1,269500,0.3351
3,1,110320,3,2,122580,7,2,278840,0.3240
3,1,110320,3,2,122580,7,3,274760,0.3071
3,1,110320,3,2,122580,8,1,170430,0.3001
3,1,110320,3,2,122580,8,2,89370,0.3295
3,1,110320,3,2,122580,8,3,142120,0.2685
3,1,110320,3,3,112370,1,1,243400,0.3273
3,1,110320,3,3,112370,1,2,223010,0.2862
3,1,110320,3,3,112370,1,3,181870,0.3108
3,1,110320,3,3,112370,2,1,210550,0.1824
3,1,110320,3,3,112370,2,2,251930,0.2421
3,1,110320,3,3,112370,2,3,223700,0.2613
3,1,110320,3,3,112370,3,2,122580,0.2474
3,1,110320,3,3,112370,4,1,222600,0.4342
3,1,110320,3,3,112370,4,2,267800,0.3538
3,1,110320,3,3,112370,4,3,271990,0.3910
3,1,110320,3,3,112370,5,1,130490,0.6493
3,1,110320,3,3,112370,5,2,188720,0.6605
3,1,110320,3,3,112370,5,3,185380,0.6037
3,1,110320,3,3,112370,6,1,241880,0.5350
3,1,110320,3,3,112370,6,2,164810,0.4967
3,1,110320,3,3,112370,6,3,266820,0.3810
3,1,110320,3,3,112370,7,1,269500,0.3369
3,1,110320,3,3,112370,7,2,278840,0.3462
3,1,110320,3,3,112370,7,3,274760,0.3053
3,1,110320,3,3,112370,8,1,170430,0.3322
3,1,110320,3,3,112370,8,2,89370,0.4697
3,1,110320,3,3,112370,8,3,142120,0.3947
3,2,122580,3,1,110320,1,1,243400,0.3300
3,2,122580,3,1,110320,1,2,223010,0.2474
3,2,122580,3,1,110320,1,3,181870,0.2725
3,2,122580,3,1,110320,2,1,210550,0.1575
3,2,122580,3,1,110320,2,2,251930,0.2161
3,2,122580,3,1,110320,2,3,223700,0.1781
3,2,122580,3,1,110320,3,3,112370,0.0942
3,2,122580,3,1,110320,4,1,222600,0.4097
3,2,122580,3,1,110320,4,2,267800,0.3830
3,2,122580,3,1,110320,4,3,271990,0.3818
3,2,122580,3,1,110320,5,1,130490,0.5954
3,2,122580,3,1,110320,5,2,188720,0.4761
3,2,122580,3,1,110320,5,3,185380,0.5224
3,2,122580,3,1,110320,6,1,241880,0.3756
3,2,122580,3,1,110320,6,2,164810,0.3434
3,2,122580,3,1,110320,6,3,266820,0.2582
3,2,122580,3,1,110320,7,1,269500,0.3407
3,2,122580,3,1,110320,7,2,278840,0.3060
3,2,122580,3,1,110320,7,3,274760,0.3208
3,2,122580,3,1,110320,8,1,170430,0.3075
3,2,122580,3,1,110320,8,2,89370,0.2981
3,2,122580,3,1,110320,8,3,142120,0.2734
3,2,122580,3,3,112370,1,1,243400,0.3239
3,2,122580,3,3,112370,1,2,223010,0.2496
3,2,122580,3,3,112370,1,3,181870,0.2671
3,2,122580,3,3,112370,2,1,210550,0.1330
3,2,122580,3,3,112370,2,2,251930,0.2147
3,2,122580,3,3,112370,2,3,223700,0.1696
3,2,122580,3,3,112370,3,1,110320,0.1596
3,2,122580,3,3,112370,4,1,222600,0.4208
3,2,122580,3,3,112370,4,2,267800,0.4143
3,2,122580,3,3,112370,4,3,271990,0.3913
3,2,122580,3,3,112370,5,1,130490,0.6092
3,2,122580,3,3,112370,5,2,188720,0.5094
3,2,122580,3,3,112370,5,3,185380,0.5399
3,2,122580,3,3,112370,6,1,241880,0.3938
3,2,122580,3,3,112370,6,2,164810,0.3517
3,2,122580,3,3,112370,6,3,266820,0.2449
3,2,122580,3,3,112370,7,1,269500,0.3432
3,2,122580,3,3,112370,7,2,278840,0.3074
3,2,122580,3,3,112370,7,3,274760,0.3181
3,2,122580,3,3,112370,8,1,170430,0.2925
3,2,122580,3,3,112370,8,2,89370,0.2793
3,2,122580,3,3,112370,8,3,142120,0.2514
3,3,112370,3,1,110320,1,1,243400,0.3938
3,3,112370,3,1,110320,1,2,223010,0.3091
3,3,112370,3,1,110320,1,3,181870,0.3045
3,3,112370,3,1,110320,2,1,210550,0.1748
3,3,112370,3,1,110320,2,2,251930,0.2346
3,3,112370,3,1,110320,2,3,223700,0.1440
3,3,112370,3,1,110320,3,2,122580,0.2515
3,3,112370,3,1,110320,4,1,222600,0.5590
3,3,112370,3,1,110320,4,2,267800,0.4551
3,3,112370,3,1,110320,4,3,271990,0.4562
3,3,112370,3,1,110320,5,1,130490,0.6661
3,3,112370,3,1,110320,5,2,188720,0.6580
3,3,112370,3,1,110320,5,3,185380,0.6295
3,3,112370,3,1,110320,6,1,241880,0.5409
3,3,112370,3,1,110320,6,2,164810,0.5246
3,3,112370,3,1,110320,6,3,266820,0.4317
3,3,112370,3,1,110320,7,1,269500,0.3414
3,3,112370,3,1,110320,7,2,278840,0.3371
3,3,112370,3,1,110320,7,3,274760,0.3633
3,3,112370,3,1,110320,8,1,170430,0.3254
3,3,112370,3,1,110320,8,2,89370,0.3696
3,3,112370,3,1,110320,8,3,142120,0.3269
3,3,112370,3,2,122580,1,1,243400,0.3999
3,3,112370,3,2,122580,1,2,223010,0.3217
3,3,112370,3,2,122580,1,3,181870,0.3045
3,3,112370,3,2,122580,2,1,210550,0.1787
3,3,112370,3,2,122580,2,2,251930,0.2342
3,3,112370,3,2,122580,2,3,223700,0.1399
3,3,112370,3,2,122580,3,1,110320,0.2743
3,3,112370,3,2,122580,4,1,222600,0.5451
3,3,112370,3,2,122580,4,2,267800,0.4564
3,3,112370,3,2,122580,4,3,271990,0.4535
3,3,112370,3,2,122580,5,1,130490,0.6607
3,3,112370,3,2,122580,5,2,188720,0.6632
3,3,112370,3,2,122580,5,3,185380,0.6178
3,3,112370,3,2,122580,6,1,241880,0.5584
3,3,112370,3,2,122580,6,2,164810,0.5409
3,3,112370,3,2,122580,6,3,266820,0.4415
3,3,112370,3,2,122580,7,1,269500,0.3309
3,3,112370,3,2,122580,7,2,278840,0.3255
3,3,112370,3,2,122580,7,3,274760,0.3522
3,3,112370,3,2,122580,8,1,170430,0.3208
3,3,112370,3,2,122580,8,2,89370,0.4087
3,3,112370,3,2,122580,8,3,142120,0.3167
4,1,222600,4,2,267800,1,1,243400,0.3937
4,1,222600,4,2,267800,1,2,223010,0.4034
4,1,222600,4,2,267800,1,3,181870,0.4216
4,1,222600,4,2,267800,2,1,210550,0.4226
4,1,222600,4,2,267800,2,2,251930,0.4638
4,1,222600,4,2,267800,2,3,223700,0.4435
4,1,222600,4,2,267800,3,1,110320,0.3446
4,1,222600,4,2,267800,3,2,122580,0.4469
4,1,222600,4,2,267800,3,3,112370,0.3837
4,1,222600,4,2,267800,4,3,271990,0.2144
4,1,222600,4,2,267800,5,1,130490,0.6196
4,1,222600,4,2,267800,5,2,188720,0.5584
4,1,222600,4,2,267800,5,3,185380,0.5050
4,1,222600,4,2,267800,6,1,241880,0.4657
4,1,222600,4,2,267800,6,2,164810,0.4340
4,1,222600,4,2,267800,6,3,266820,0.4035
4,1,222600,4,2,267800,7,1,269500,0.3623
4,1,222600,4,2,267800,7,2,278840,0.3591
4,1,222600,4,2,267800,7,3,274760,0.3637
4,1,222600,4,2,267800,8,1,170430,0.4113
4,1,222600,4,2,267800,8,2,89370,0.4103
4,1,222600,4,2,267800,8,3,142120,0.4291
4,1,222600,4,3,271990,1,1,243400,0.3937
4,1,222600,4,3,271990,1,2,223010,0.4034
4,1,222600,4,3,271990,1,3,181870,0.4216
4,1,222600,4,3,271990,2,1,210550,0.4226
4,1,222600,4,3,271990,2,2,251930,0.4638
4,1,222600,4,3,271990,2,3,223700,0.4435
4,1,222600,4,3,271990,3,1,110320,0.3446
4,1,222600,4,3,271990,3,2,122580,0.4469
4,1,222600,4,3,271990,3,3,112370,0.3837
4,1,222600,4,3,271990,4,2,267800,0.2304
4,1,222600,4,3,271990,5,1,130490,0.6196
4,1,222600,4,3,271990,5,2,188720,0.5584
4,1,222600,4,3,271990,5,3,185380,0.5050
4,1,222600,4,3,271990,6,1,241880,0.4657
4,1,222600,4,3,271990,6,2,164810,0.4340
4,1,222600,4,3,271990,6,3,266820,0.4035
4,1,222600,4,3,271990,7,1,269500,0.3623
4,1,222600,4,3,271990,7,2,278840,0.3591
4,1,222600,4,3,271990,7,3,274760,0.3637
4,1,222600,4,3,271990,8,1,170430,0.4113
4,1,222600,4,3,271990,8,2,89370,0.4103
4,1,222600,4,3,271990,8,3,142120,0.4291
4,2,267800,4,1,222600,1,1,243400,0.3246
4,2,267800,4,1,222600,1,2,223010,0.3055
4,2,267800,4,1,222600,1,3,181870,0.3373
4,2,267800,4,1,222600,2,1,210550,0.4093
4,2,267800,4,1,222600,2,2,251930,0.4658
4,2,267800,4,1,222600,2,3,223700,0.3885
4,2,267800,4,1,222600,3,1,110320,0.3733
4,2,267800,4,1,222600,3,2,122580,0.4395
4,2,267800,4,1,222600,3,3,112370,0.3622
4,2,267800,4,1,222600,4,3,271990,0.0904
4,2,267800,4,1,222600,5,1,130490,0.6451
4,2,267800,4,1,222600,5,2,188720,0.5999
4,2,267800,4,1,222600,5,3,185380,0.6691
4,2,267800,4,1,222600,6,1,241880,0.5684
4,2,267800,4,1,222600,6,2,164810,0.5263
4,2,267800,4,1,222600,6,3,266820,0.4748
4,2,267800,4,1,222600,7,1,269500,0.3091
4,2,267800,4,1,222600,7,2,278840,0.2379
4,2,267800,4,1,222600,7,3,274760,0.2800
4,2,267800,4,1,222600,8,1,170430,0.4943
4,2,267800,4,1,222600,8,2,89370,0.5858
4,2,267800,4,1,222600,8,3,142120,0.5397
4,2,267800,4,3,271990,1,1,243400,0.3250
4,2,267800,4,3,271990,1,2,223010,0.3022
4,2,267800,4,3,271990,1,3,181870,0.3577
4,2,267800,4,3,271990,2,1,210550,0.3475
4,2,267800,4,3,271990,2,2,251930,0.4523
4,2,267800,4,3,271990,2,3,223700,0.3416
4,2,267800,4,3,271990,3,1,110320,0.3748
4,2,267800,4,3,271990,3,2,122580,0.4339
4,2,267800,4,3,271990,3,3,112370,0.3522
4,2,267800,4,3,271990,4,1,222600,0.2088
4,2,267800,4,3,271990,5,1,130490,0.6404
4,2,267800,4,3,271990,5,2,188720,0.6001
4,2,267800,4,3,271990,5,3,185380,0.6772
4,2,267800,4,3,271990,6,1,241880,0.5789
4,2,267800,4,3,271990,6,2,164810,0.5354
4,2,267800,4,3,271990,6,3,266820,0.4350
4,2,267800,4,3,271990,7,1,269500,0.3040
4,2,267800,4,3,271990,7,2,278840,0.2191
4,2,267800,4,3,271990,7,3,274760,0.2739
4,2,267800,4,3,271990,8,1,170430,0.4428
4,2,267800,4,3,271990,8,2,89370,0.5389
4,2,267800,4,3,271990,8,3,142120,0.4894
4,3,271990,4,1,222600,1,1,243400,0.3915
4,3,271990,4,1,222600,1,2,223010,0.3755
4,3,271990,4,1,222600,1,3,181870,0.3965
4,3,271990,4,1,222600,2,1,210550,0.4533
4,3,271990,4,1,222600,2,2,251930,0.4511
4,3,271990,4,1,222600,2,3,223700,0.3786
4,3,271990,4,1,222600,3,1,110320,0.3799
4,3,271990,4,1,222600,3,2,122580,0.4508
4,3,271990,4,1,222600,3,3,112370,0.4113
4,3,271990,4,1,222600,4,2,267800,0.1488
4,3,271990,4,1,222600,5,1,130490,0.6506
4,3,271990,4,1,222600,5,2,188720,0.5428
4,3,271990,4,1,222600,5,3,185380,0.6544
4,3,271990,4,1,222600,6,1,241880,0.5648
4,3,271990,4,1,222600,6,2,164810,0.4944
4,3,271990,4,1,222600,6,3,266820,0.4703
4,3,271990,4,1,222600,7,1,269500,0.2738
4,3,271990,4,1,222600,7,2,278840,0.2700
4,3,271990,4,1,222600,7,3,274760,0.2953
4,3,271990,4,1,222600,8,1,170430,0.4171
4,3,271990,4,1,222600,8,2,89370,0.4067
4,3,271990,4,1,222600,8,3,142120,0.3960
4,3,271990,4,2,267800,1,1,243400,0.3718
4,3,271990,4,2,267800,1,2,223010,0.3869
4,3,271990,4,2,267800,1,3,181870,0.4015
4,3,271990,4,2,267800,2,1,210550,0.4390
4,3,271990,4,2,267800,2,2,251930,0.4511
4,3,271990,4,2,267800,2,3,223700,0.3845
4,3,271990,4,2,267800,3,1,110320,0.3760
4,3,271990,4,2,267800,3,2,122580,0.4619
4,3,271990,4,2,267800,3,3,112370,0.4088
4,3,271990,4,2,267800,4,1,222600,0.2688
4,3,271990,4,2,267800,5,1,130490,0.6387
4,3,271990,4,2,267800,5,2,188720,0.5362
4,3,271990,4,2,267800,5,3,185380,0.6583
4,3,271990,4,2,267800,6,1,241880,0.5623
4,3,271990,4,2,267800,6,2,164810,0.4944
4,3,271990,4,2,267800,6,3,266820,0.4627
4,3,271990,4,2,267800,7,1,269500,0.2790
4,3,271990,4,2,267800,7,2,278840,0.2662
4,3,271990,4,2,267800,7,3,274760,0.2941
4,3,271990,4,2,267800,8,1,170430,0.4282
4,3,271990,4,2,267800,8,2,89370,0.4042
4,3,271990,4,2,267800,8,3,142120,0.4057
5,1,130490,5,2,188720,1,1,243400,0.4572
5,1,130490,5,2,188720,1,2,223010,0.5059
5,1,130490,5,2,188720,1,3,181870,0.4890
5,1,130490,5,2,188720,2,1,210550,0.5150
5,1,130490,5,2,188720,2,2,251930,0.4569
5,1,130490,5,2,188720,2,3,223700,0.5339
5,1,130490,5,2,188720,3,1,110320,0.6324
5,1,130490,5,2,188720,3,2,122580,0.6396
5,1,130490,5,2,188720,3,3,112370,0.6193
5,1,130490,5,2,188720,4,1,222600,0.4889
5,1,130490,5,2,188720,4,2,267800,0.4540
5,1,130490,5,2,188720,4,3,271990,0.4442
5,1,130490,5,2,188720,5,3,185380,0.2929
5,1,130490,5,2,188720,6,1,241880,0.4691
5,1,130490,5,2,188720,6,2,164810,0.4596
5,1,130490,5,2,188720,6,3,266820,0.4603
5,1,130490,5,2,188720,7,1,269500,0.5987
5,1,130490,5,2,188720,7,2,278840,0.5926
5,1,130490,5,2,188720,7,3,274760,0.5761
5,1,130490,5,2,188720,8,1,170430,0.6243
5,1,130490,5,2,188720,8,2,89370,0.5931
5,1,130490,5,2,188720,8,3,142120,0.5920
5,1,130490,5,3,185380,1,1,243400,0.4868
5,1,130490,5,3,185380,1,2,223010,0.5434
5,1,130490,5,3,185380,1,3,181870,0.4958
5,1,130490,5,3,185380,2,1,210550,0.4852
5,1,130490,5,3,185380,2,2,251930,0.4828
5,1,130490,5,3,185380,2,3,223700,0.4689
5,1,130490,5,3,185380,3,1,110320,0.4097
5,1,130490,5,3,185380,3,2,122580,0.4455
5,1,130490,5,3,185380,3,3,112370,0.4320
5,1,130490,5,3,185380,4,1,222600,0.4694
5,1,130490,5,3,185380,4,2,267800,0.4442
5,1,130490,5,3,185380,4,3,271990,0.4302
5,1,130490,5,3,185380,5,2,188720,0.3136
5,1,130490,5,3,185380,6,1,241880,0.4283
5,1,130490,5,3,185380,6,2,164810,0.4382
5,1,130490,5,3,185380,6,3,266820,0.3780
5,1,130490,5,3,185380,7,1,269500,0.4368
5,1,130490,5,3,185380,7,2,278840,0.4231
5,1,130490,5,3,185380,7,3,274760,0.4490
5,1,130490,5,3,185380,8,1,170430,0.4595
5,1,130490,5,3,185380,8,2,89370,0.4098
5,1,130490,5,3,185380,8,3,142120,0.3147
5,2,188720,5,1,130490,1,1,243400,0.2866
5,2,188720,5,1,130490,1,2,223010,0.3100
5,2,188720,5,1,130490,1,3,181870,0.3125
5,2,188720,5,1,130490,2,1,210550,0.3404
5,2,188720,5,1,130490,2,2,251930,0.4282
5,2,188720,5,1,130490,2,3,223700,0.3097
5,2,188720,5,1,130490,3,1,110320,0.1746
5,2,188720,5,1,130490,3,2,122580,0.2567
5,2,188720,5,1,130490,3,3,112370,0.1693
5,2,188720,5,1,130490,4,1,222600,0.4058
5,2,188720,5,1,130490,4,2,267800,0.3844
5,2,188720,5,1,130490,4,3,271990,0.4100
5,2,188720,5,1,130490,5,3,185380,0.1699
5,2,188720,5,1,130490,6,1,241880,0.4068
5,2,188720,5,1,130490,6,2,164810,0.3481
5,2,188720,5,1,130490,6,3,266820,0.3559
5,2,188720,5,1,130490,7,1,269500,0.2829
5,2,188720,5,1,130490,7,2,278840,0.2613
5,2,188720,5,1,130490,7,3,274760,0.2820
5,2,188720,5,1,130490,8,1,170430,0.2628
5,2,188720,5,1,130490,8,2,89370,0.3124
5,2,188720,5,1,130490,8,3,142120,0.2712
5,2,188720,5,3,185380,1,1,243400,0.3017
5,2,188720,5,3,185380,1,2,223010,0.3005
5,2,188720,5,3,185380,1,3,181870,0.3117
5,2,188720,5,3,185380,2,1,210550,0.3133
5,2,188720,5,3,185380,2,2,251930,0.4059
5,2,188720,5,3,185380,2,3,223700,0.2953
5,2,188720,5,3,185380,3,1,110320,0.1798
5,2,188720,5,3,185380,3,2,122580,0.2378
5,2,188720,5,3,185380,3,3,112370,0.1639
5,2,188720,5,3,185380,4,1,222600,0.4031
5,2,188720,5,3,185380,4,2,267800,0.3842
5,2,188720,5,3,185380,4,3,271990,0.4016
5,2,188720,5,3,185380,5,1,130490,0.3249
5,2,188720,5,3,185380,6,1,241880,0.4027
5,2,188720,5,3,185380,6,2,164810,0.3508
5,2,188720,5,3,185380,6,3,266820,0.3571
5,2,188720,5,3,185380,7,1,269500,0.2765
5,2,188720,5,3,185380,7,2,278840,0.2521
5,2,188720,5,3,185380,7,3,274760,0.2697
5,2,188720,5,3,185380,8,1,170430,0.2717
5,2,188720,5,3,185380,8,2,89370,0.3152
5,2,188720,5,3,185380,8,3,142120,0.2552
5,3,185380,5,1,130490,1,1,243400,0.2365
5,3,185380,5,1,130490,1,2,223010,0.2008
5,3,185380,5,1,130490,1,3,181870,0.2097
5,3,185380,5,1,130490,2,1,210550,0.1298
5,3,185380,5,1,130490,2,2,251930,0.2518
5,3,185380,5,1,130490,2,3,223700,0.1389
5,3,185380,5,1,130490,3,1,110320,0.2136
5,3,185380,5,1,130490,3,2,122580,0.2257
5,3,185380,5,1,130490,3,3,112370,0.2528
5,3,185380,5,1,130490,4,1,222600,0.4210
5,3,185380,5,1,130490,4,2,267800,0.4315
5,3,185380,5,1,130490,4,3,271990,0.4367
5,3,185380,5,1,130490,5,2,188720,0.1569
5,3,185380,5,1,130490,6,1,241880,0.4090
5,3,185380,5,1,130490,6,2,164810,0.3868
5,3,185380,5,1,130490,6,3,266820,0.2626
5,3,185380,5,1,130490,7,1,269500,0.2442
5,3,185380,5,1,130490,7,2,278840,0.2717
5,3,185380,5,1,130490,7,3,274760,0.2642
5,3,185380,5,1,130490,8,1,170430,0.2652
5,3,185380,5,1,130490,8,2,89370,0.3396
5,3,185380,5,1,130490,8,3,142120,0.2258
5,3,185380,5,2,188720,1,1,243400,0.2202
5,3,185380,5,2,188720,1,2,223010,0.2178
5,3,185380,5,2,188720,1,3,181870,0.2149
5,3,185380,5,2,188720,2,1,210550,0.1373
5,3,185380,5,2,188720,2,2,251930,0.2445
5,3,185380,5,2,188720,2,3,223700,0.1551
5,3,185380,5,2,188720,3,1,110320,0.2368
5,3,185380,5,2,188720,3,2,122580,0.2501
5,3,185380,5,2,188720,3,3,112370,0.2329
5,3,185380,5,2,188720,4,1,222600,0.4328
5,3,185380,5,2,188720,4,2,267800,0.4229
5,3,185380,5,2,188720,4,3,271990,0.4308
5,3,185380,5,2,188720,5,1,130490,0.2873
5,3,185380,5,2,188720,6,1,241880,0.4065
5,3,185380,5,2,188720,6,2,164810,0.3691
5,3,185380,5,2,188720,6,3,266820,0.2997
5,3,185380,5,2,188720,7,1,269500,0.2558
5,3,185380,5,2,188720,7,2,278840,0.2665
5,3,185380,5,2,188720,7,3,274760,0.2463
5,3,185380,5,2,188720,8,1,170430,0.2716
5,3,185380,5,2,188720,8,2,89370,0.3330
5,3,185380,5,2,188720,8,3,142120,0.2313
6,1,241880,6,2,164810,1,1,243400,0.4208
6,1,241880,6,2,164810,1,2,223010,0.4191
6,1,241880,6,2,164810,1,3,181870,0.3998
6,1,241880,6,2,164810,2,1,210550,0.4204
6,1,241880,6,2,164810,2,2,251930,0.4691
6,1,241880,6,2,164810,2,3,223700,0.4442
6,1,241880,6,2,164810,3,1,110320,0.3796
6,1,241880,6,2,164810,3,2,122580,0.4634
6,1,241880,6,2,164810,3,3,112370,0.4009
6,1,241880,6,2,164810,4,1,222600,0.4382
6,1,241880,6,2,164810,4,2,267800,0.4684
6,1,241880,6,2,164810,4,3,271990,0.4494
6,1,241880,6,2,164810,5,1,130490,0.6509
6,1,241880,6,2,164810,5,2,188720,0.6043
6,1,241880,6,2,164810,5,3,185380,0.5039
6,1,241880,6,2,164810,6,3,266820,0.2228
6,1,241880,6,2,164810,7,1,269500,0.3509
6,1,241880,6,2,164810,7,2,278840,0.3233
6,1,241880,6,2,164810,7,3,274760,0.3101
6,1,241880,6,2,164810,8,1,170430,0.3594
6,1,241880,6,2,164810,8,2,89370,0.2658
6,1,241880,6,2,164810,8,3,142120,0.3485
6,1,241880,6,3,266820,1,1,243400,0.3955
6,1,241880,6,3,266820,1,2,223010,0.3930
6,1,241880,6,3,266820,1,3,181870,0.4297
6,1,241880,6,3,266820,2,1,210550,0.3869
6,1,241880,6,3,266820,2,2,251930,0.4992
6,1,241880,6,3,266820,2,3,223700,0.4421
6,1,241880,6,3,266820,3,1,110320,0.3449
6,1,241880,6,3,266820,3,2,122580,0.4364
6,1,241880,6,3,266820,3,3,112370,0.4049
6,1,241880,6,3,266820,4,1,222600,0.3762
6,1,241880,6,3,266820,4,2,267800,0.4167
6,1,241880,6,3,266820,4,3,271990,0.4397
6,1,241880,6,3,266820,5,1,130490,0.4051
6,1,241880,6,3,266820,5,2,188720,0.3984
6,1,241880,6,3,266820,5,3,185380,0.3777
6,1,241880,6,3,266820,6,2,164810,0.1792
6,1,241880,6,3,266820,7,1,269500,0.3645
6,1,241880,6,3,266820,7,2,278840,0.3532
6,1,241880,6,3,266820,7,3,274760,0.3799
6,1,241880,6,3,266820,8,1,170430,0.3963
6,1,241880,6,3,266820,8,2,89370,0.3666
6,1,241880,6,3,266820,8,3,142120,0.3643
6,2,164810,6,1,241880,1,1,243400,0.3834
6,2,164810,6,1,241880,1,2,223010,0.3823
6,2,164810,6,1,241880,1,3,181870,0.3539
6,2,164810,6,1,241880,2,1,210550,0.3796
6,2,164810,6,1,241880,2,2,251930,0.4607
6,2,164810,6,1,241880,2,3,223700,0.4265
6,2,164810,6,1,241880,3,1,110320,0.3452
6,2,164810,6,1,241880,3,2,122580,0.4346
6,2,164810,6,1,241880,3,3,112370,0.3120
6,2,164810,6,1,241880,4,1,222600,0.4158
6,2,164810,6,1,241880,4,2,267800,0.4228
6,2,164810,6,1,241880,4,3,271990,0.4412
6,2,164810,6,1,241880,5,1,130490,0.5097
6,2,164810,6,1,241880,5,2,188720,0.4160
6,2,164810,6,1,241880,5,3,185380,0.3808
6,2,164810,6,1,241880,6,3,266820,0.1302
6,2,164810,6,1,241880,7,1,269500,0.3488
6,2,164810,6,1,241880,7,2,278840,0.3714
6,2,164810,6,1,241880,7,3,274760,0.3639
6,2,164810,6,1,241880,8,1,170430,0.3759
6,2,164810,6,1,241880,8,2,89370,0.3593
6,2,164810,6,1,241880,8,3,142120,0.3579
6,2,164810,6,3,266820,1,1,243400,0.3764
6,2,164810,6,3,266820,1,2,223010,0.3745
6,2,164810,6,3,266820,1,3,181870,0.3525
6,2,164810,6,3,266820,2,1,210550,0.3514
6,2,164810,6,3,266820,2,2,251930,0.4671
6,2,164810,6,3,266820,2,3,223700,0.4278
6,2,164810,6,3,266820,3,1,110320,0.3615
6,2,164810,6,3,266820,3,2,122580,0.4268
6,2,164810,6,3,266820,3,3,112370,0.3184
6,2,164810,6,3,266820,4,1,222600,0.4256
6,2,164810,6,3,266820,4,2,267800,0.4267
6,2,164810,6,3,266820,4,3,271990,0.4426
6,2,164810,6,3,266820,5,1,130490,0.5809
6,2,164810,6,3,266820,5,2,188720,0.4408
6,2,164810,6,3,266820,5,3,185380,0.4155
6,2,164810,6,3,266820,6,1,241880,0.2031
6,2,164810,6,3,266820,7,1,269500,0.3652
6,2,164810,6,3,266820,7,2,278840,0.3752
6,2,164810,6,3,266820,7,3,274760,0.3625
6,2,164810,6,3,266820,8,1,170430,0.3681
6,2,164810,6,3,266820,8,2,89370,0.3556
6,2,164810,6,3,266820,8,3,142120,0.3609
6,3,266820,6,1,241880,1,1,243400,0.3917
6,3,266820,6,1,241880,1,2,223010,0.3460
6,3,266820,6,1,241880,1,3,181870,0.3462
6,3,266820,6,1,241880,2,1,210550,0.3403
6,3,266820,6,1,241880,2,2,251930,0.3788
6,3,266820,6,1,241880,2,3,223700,0.4299
6,3,266820,6,1,241880,3,1,110320,0.3966
6,3,266820,6,1,241880,3,2,122580,0.4644
6,3,266820,6,1,241880,3,3,112370,0.2720
6,3,266820,6,1,241880,4,1,222600,0.3750
6,3,266820,6,1,241880,4,2,267800,0.4516
6,3,266820,6,1,241880,4,3,271990,0.4804
6,3,266820,6,1,241880,5,1,130490,0.6315
6,3,266820,6,1,241880,5,2,188720,0.5698
6,3,266820,6,1,241880,5,3,185380,0.4810
6,3,266820,6,1,241880,6,2,164810,0.2378
6,3,266820,6,1,241880,7,1,269500,0.3271
6,3,266820,6,1,241880,7,2,278840,0.3316
6,3,266820,6,1,241880,7,3,274760,0.3247
6,3,266820,6,1,241880,8,1,170430,0.4327
6,3,266820,6,1,241880,8,2,89370,0.4164
6,3,266820,6,1,241880,8,3,142120,0.3922
6,3,266820,6,2,164810,1,1,243400,0.4147
6,3,266820,6,2,164810,1,2,223010,0.4093
6,3,266820,6,2,164810,1,3,181870,0.3760
6,3,266820,6,2,164810,2,1,210550,0.3358
6,3,266820,6,2,164810,2,2,251930,0.3992
6,3,266820,6,2,164810,2,3,223700,0.3604
6,3,266820,6,2,164810,3,1,110320,0.3377
6,3,266820,6,2,164810,3,2,122580,0.4395
6,3,266820,6,2,164810,3,3,112370,0.3308
6,3,266820,6,2,164810,4,1,222600,0.3530
6,3,266820,6,2,164810,4,2,267800,0.3625
6,3,266820,6,2,164810,4,3,271990,0.3715
6,3,266820,6,2,164810,5,1,130490,0.6388
6,3,266820,6,2,164810,5,2,188720,0.4812
6,3,266820,6,2,164810,5,3,185380,0.4565
6,3,266820,6,2,164810,6,1,241880,0.3759
6,3,266820,6,2,164810,7,1,269500,0.3575
6,3,266820,6,2,164810,7,2,278840,0.3589
6,3,266820,6,2,164810,7,3,274760,0.3596
6,3,266820,6,2,164810,8,1,170430,0.3916
6,3,266820,6,2,164810,8,2,89370,0.3376
6,3,266820,6,2,164810,8,3,142120,0.2984
7,1,269500,7,2,278840,1,1,243400,0.3608
7,1,269500,7,2,278840,1,2,223010,0.3527
7,1,269500,7,2,278840,1,3,181870,0.3206
7,1,269500,7,2,278840,2,1,210550,0.3593
7,1,269500,7,2,278840,2,2,251930,0.3770
7,1,269500,7,2,278840,2,3,223700,0.3414
7,1,269500,7,2,278840,3,1,110320,0.3659
7,1,269500,7,2,278840,3,2,122580,0.3545
7,1,269500,7,2,278840,3,3,112370,0.3727
7,1,269500,7,2,278840,4,1,222600,0.4043
7,1,269500,7,2,278840,4,2,267800,0.3838
7,1,269500,7,2,278840,4,3,271990,0.3816
7,1,269500,7,2,278840,5,1,130490,0.6069
7,1,269500,7,2,278840,5,2,188720,0.5827
7,1,269500,7,2,278840,5,3,185380,0.5275
7,1,269500,7,2,278840,6,1,241880,0.4447
7,1,269500,7,2,278840,6,2,164810,0.4773
7,1,269500,7,2,278840,6,3,266820,0.3761
7,1,269500,7,2,278840,7,3,274760,0.2873
7,1,269500,7,2,278840,8,1,170430,0.2979
7,1,269500,7,2,278840,8,2,89370,0.3154
7,1,269500,7,2,278840,8,3,142120,0.3910
7,1,269500,7,3,274760,1,1,243400,0.3438
7,1,269500,7,3,274760,1,2,223010,0.3045
7,1,269500,7,3,274760,1,3,181870,0.2854
7,1,269500,7,3,274760,2,1,210550,0.2657
7,1,269500,7,3,274760,2,2,251930,0.3378
7,1,269500,7,3,274760,2,3,223700,0.2712
7,1,269500,7,3,274760,3,1,110320,0.3331
7,1,269500,7,3,274760,3,2,122580,0.2930
7,1,269500,7,3,274760,3,3,112370,0.3702
7,1,269500,7,3,274760,4,1,222600,0.4144
7,1,269500,7,3,274760,4,2,267800,0.3827
7,1,269500,7,3,274760,4,3,271990,0.3807
7,1,269500,7,3,274760,5,1,130490,0.5804
7,1,269500,7,3,274760,5,2,188720,0.5286
7,1,269500,7,3,274760,5,3,185380,0.5029
7,1,269500,7,3,274760,6,1,241880,0.4258
7,1,269500,7,3,274760,6,2,164810,0.4859
7,1,269500,7,3,274760,6,3,266820,0.3978
7,1,269500,7,3,274760,7,2,278840,0.0957
7,1,269500,7,3,274760,8,1,170430,0.2915
7,1,269500,7,3,274760,8,2,89370,0.3115
7,1,269500,7,3,274760,8,3,142120,0.3272
7,2,278840,7,1,269500,1,1,243400,0.3976
7,2,278840,7,1,269500,1,2,223010,0.3516
7,2,278840,7,1,269500,1,3,181870,0.3595
7,2,278840,7,1,269500,2,1,210550,0.3772
7,2,278840,7,1,269500,2,2,251930,0.4364
7,2,278840,7,1,269500,2,3,223700,0.3334
7,2,278840,7,1,269500,3,1,110320,0.3809
7,2,278840,7,1,269500,3,2,122580,0.4224
7,2,278840,7,1,269500,3,3,112370,0.3653
7,2,278840,7,1,269500,4,1,222600,0.3841
7,2,278840,7,1,269500,4,2,267800,0.3510
7,2,278840,7,1,269500,4,3,271990,0.3485
7,2,278840,7,1,269500,5,1,130490,0.5848
7,2,278840,7,1,269500,5,2,188720,0.6088
7,2,278840,7,1,269500,5,3,185380,0.5534
7,2,278840,7,1,269500,6,1,241880,0.5564
7,2,278840,7,1,269500,6,2,164810,0.5049
7,2,278840,7,1,269500,6,3,266820,0.3961
7,2,278840,7,1,269500,7,3,274760,0.2907
7,2,278840,7,1,269500,8,1,170430,0.4189
7,2,278840,7,1,269500,8,2,89370,0.3605
7,2,278840,7,1,269500,8,3,142120,0.3867
7,2,278840,7,3,274760,1,1,243400,0.3203
7,2,278840,7,3,274760,1,2,223010,0.3162
7,2,278840,7,3,274760,1,3,181870,0.3217
7,2,278840,7,3,274760,2,1,210550,0.3227
7,2,278840,7,3,274760,2,2,251930,0.4087
7,2,278840,7,3,274760,2,3,223700,0.3177
7,2,278840,7,3,274760,3,1,110320,0.3597
7,2,278840,7,3,274760,3,2,122580,0.4058
7,2,278840,7,3,274760,3,3,112370,0.3478
7,2,278840,7,3,274760,4,1,222600,0.3603
7,2,278840,7,3,274760,4,2,267800,0.3455
7,2,278840,7,3,274760,4,3,271990,0.3546
7,2,278840,7,3,274760,5,1,130490,0.6471
7,2,278840,7,3,274760,5,2,188720,0.5954
7,2,278840,7,3,274760,5,3,185380,0.5285
7,2,278840,7,3,274760,6,1,241880,0.4529
7,2,278840,7,3,274760,6,2,164810,0.4611
7,2,278840,7,3,274760,6,3,266820,0.3276
7,2,278840,7,3,274760,7,1,269500,0.1372
7,2,278840,7,3,274760,8,1,170430,0.3371
7,2,278840,7,3,274760,8,2,89370,0.3132
7,2,278840,7,3,274760,8,3,142120,0.3163
7,3,274760,7,1,269500,1,1,243400,0.3217
7,3,274760,7,1,269500,1,2,223010,0.2739
7,3,274760,7,1,269500,1,3,181870,0.2771
7,3,274760,7,1,269500,2,1,210550,0.1948
7,3,274760,7,1,269500,2,2,251930,0.3694
7,3,274760,7,1,269500,2,3,223700,0.2044
7,3,274760,7,1,269500,3,1,110320,0.3423
7,3,274760,7,1,269500,3,2,122580,0.3429
7,3,274760,7,1,269500,3,3,112370,0.3166
7,3,274760,7,1,269500,4,1,222600,0.4145
7,3,274760,7,1,269500,4,2,267800,0.3727
7,3,274760,7,1,269500,4,3,271990,0.4092
7,3,274760,7,1,269500,5,1,130490,0.5933
7,3,274760,7,1,269500,5,2,188720,0.4944
7,3,274760,7,1,269500,5,3,185380,0.4683
7,3,274760,7,1,269500,6,1,241880,0.4908
7,3,274760,7,1,269500,6,2,164810,0.5180
7,3,274760,7,1,269500,6,3,266820,0.4267
7,3,274760,7,1,269500,7,2,278840,0.1248
7,3,274760,7,1,269500,8,1,170430,0.4125
7,3,274760,7,1,269500,8,2,89370,0.3736
7,3,274760,7,1,269500,8,3,142120,0.3067
7,3,274760,7,2,278840,1,1,243400,0.3189
7,3,274760,7,2,278840,1,2,223010,0.2382
7,3,274760,7,2,278840,1,3,181870,0.2510
7,3,274760,7,2,278840,2,1,210550,0.1689
7,3,274760,7,2,278840,2,2,251930,0.3778
7,3,274760,7,2,278840,2,3,223700,0.2139
7,3,274760,7,2,278840,3,1,110320,0.3360
7,3,274760,7,2,278840,3,2,122580,0.3019
7,3,274760,7,2,278840,3,3,112370,0.2291
7,3,274760,7,2,278840,4,1,222600,0.4358
7,3,274760,7,2,278840,4,2,267800,0.3452
7,3,274760,7,2,278840,4,3,271990,0.3869
7,3,274760,7,2,278840,5,1,130490,0.5650
7,3,274760,7,2,278840,5,2,188720,0.5151
7,3,274760,7,2,278840,5,3,185380,0.4596
7,3,274760,7,2,278840,6,1,241880,0.4918
7,3,274760,7,2,278840,6,2,164810,0.4709
7,3,274760,7,2,278840,6,3,266820,0.3686
7,3,274760,7,2,278840,7,1,269500,0.1414
7,3,274760,7,2,278840,8,1,170430,0.4328
7,3,274760,7,2,278840,8,2,89370,0.4202
7,3,274760,7,2,278840,8,3,142120,0.4036
8,1,170430,8,2,89370,1,1,243400,0.5131
8,1,170430,8,2,89370,1,2,223010,0.4667
8,1,170430,8,2,89370,1,3,181870,0.5223
8,1,170430,8,2,89370,2,1,210550,0.4304
8,1,170430,8,2,89370,2,2,251930,0.4583
8,1,170430,8,2,89370,2,3,223700,0.4374
8,1,170430,8,2,89370,3,1,110320,0.4304
8,1,170430,8,2,89370,3,2,122580,0.4689
8,1,170430,8,2,89370,3,3,112370,0.4639
8,1,170430,8,2,89370,4,1,222600,0.5419
8,1,170430,8,2,89370,4,2,267800,0.4166
8,1,170430,8,2,89370,4,3,271990,0.4095
8,1,170430,8,2,89370,5,1,130490,0.6580
8,1,170430,8,2,89370,5,2,188720,0.6530
8,1,170430,8,2,89370,5,3,185380,0.6441
8,1,170430,8,2,89370,6,1,241880,0.6145
8,1,170430,8,2,89370,6,2,164810,0.6391
8,1,170430,8,2,89370,6,3,266820,0.6457
8,1,170430,8,2,89370,7,1,269500,0.3866
8,1,170430,8,2,89370,7,2,278840,0.3583
8,1,170430,8,2,89370,7,3,274760,0.4942
8,1,170430,8,2,89370,8,3,142120,0.4632
8,1,170430,8,3,142120,1,1,243400,0.5201
8,1,170430,8,3,142120,1,2,223010,0.4896
8,1,170430,8,3,142120,1,3,181870,0.5564
8,1,170430,8,3,142120,2,1,210550,0.4610
8,1,170430,8,3,142120,2,2,251930,0.4569
8,1,170430,8,3,142120,2,3,223700,0.4596
8,1,170430,8,3,142120,3,1,110320,0.4694
8,1,170430,8,3,142120,3,2,122580,0.5034
8,1,170430,8,3,142120,3,3,112370,0.5095
8,1,170430,8,3,142120,4,1,222600,0.5889
8,1,170430,8,3,142120,4,2,267800,0.4152
8,1,170430,8,3,142120,4,3,271990,0.4290
8,1,170430,8,3,142120,5,1,130490,0.6603
8,1,170430,8,3,142120,5,2,188720,0.6667
8,1,170430,8,3,142120,5,3,185380,0.6680
8,1,170430,8,3,142120,6,1,241880,0.6362
8,1,170430,8,3,142120,6,2,164810,0.6655
8,1,170430,8,3,142120,6,3,266820,0.6492
8,1,170430,8,3,142120,7,1,269500,0.3630
8,1,170430,8,3,142120,7,2,278840,0.3696
8,1,170430,8,3,142120,7,3,274760,0.5049
8,1,170430,8,3,142120,8,2,89370,0.3096
8,2,89370,8,1,170430,1,1,243400,0.4810
8,2,89370,8,1,170430,1,2,223010,0.4484
8,2,89370,8,1,170430,1,3,181870,0.4495
8,2,89370,8,1,170430,2,1,210550,0.5666
8,2,89370,8,1,170430,2,2,251930,0.5302
8,2,89370,8,1,170430,2,3,223700,0.4283
8,2,89370,8,1,170430,3,1,110320,0.5739
8,2,89370,8,1,170430,3,2,122580,0.5919
8,2,89370,8,1,170430,3,3,112370,0.5680
8,2,89370,8,1,170430,4,1,222600,0.5388
8,2,89370,8,1,170430,4,2,267800,0.5168
8,2,89370,8,1,170430,4,3,271990,0.4501
8,2,89370,8,1,170430,5,1,130490,0.6694
8,2,89370,8,1,170430,5,2,188720,0.6394
8,2,89370,8,1,170430,5,3,185380,0.6466
8,2,89370,8,1,170430,6,1,241880,0.5889
8,2,89370,8,1,170430,6,2,164810,0.5289
8,2,89370,8,1,170430,6,3,266820,0.4972
8,2,89370,8,1,170430,7,1,269500,0.3018
8,2,89370,8,1,170430,7,2,278840,0.3183
8,2,89370,8,1,170430,7,3,274760,0.5220
8,2,89370,8,1,170430,8,3,142120,0.4731
8,2,89370,8,3,142120,1,1,243400,0.4780
8,2,89370,8,3,142120,1,2,223010,0.4471
8,2,89370,8,3,142120,1,3,181870,0.3988
8,2,89370,8,3,142120,2,1,210550,0.4191
8,2,89370,8,3,142120,2,2,251930,0.4446
8,2,89370,8,3,142120,2,3,223700,0.3170
8,2,89370,8,3,142120,3,1,110320,0.4745
8,2,89370,8,3,142120,3,2,122580,0.4833
8,2,89370,8,3,142120,3,3,112370,0.4623
8,2,89370,8,3,142120,4,1,222600,0.4830
8,2,89370,8,3,142120,4,2,267800,0.4830
8,2,89370,8,3,142120,4,3,271990,0.4542
8,2,89370,8,3,142120,5,1,130490,0.6342
8,2,89370,8,3,142120,5,2,188720,0.4972
8,2,89370,8,3,142120,5,3,185380,0.5729
8,2,89370,8,3,142120,6,1,241880,0.5194
8,2,89370,8,3,142120,6,2,164810,0.4706
8,2,89370,8,3,142120,6,3,266820,0.4040
8,2,89370,8,3,142120,7,1,269500,0.3169
8,2,89370,8,3,142120,7,2,278840,0.3255
8,2,89370,8,3,142120,7,3,274760,0.3719
8,2,89370,8,3,142120,8,1,170430,0.2281
8,3,142120,8,1,170430,1,1,243400,0.3073
8,3,142120,8,1,170430,1,2,223010,0.2745
8,3,142120,8,1,170430,1,3,181870,0.2754
8,3,142120,8,1,170430,2,1,210550,0.1071
8,3,142120,8,1,170430,2,2,251930,0.3048
8,3,142120,8,1,170430,2,3,223700,0.1216
8,3,142120,8,1,170430,3,1,110320,0.2625
8,3,142120,8,1,170430,3,2,122580,0.2715
8,3,142120,8,1,170430,3,3,112370,0.2298
8,3,142120,8,1,170430,4,1,222600,0.4139
8,3,142120,8,1,170430,4,2,267800,0.3241
8,3,142120,8,1,170430,4,3,271990,0.3840
8,3,142120,8,1,170430,5,1,130490,0.6525
8,3,142120,8,1,170430,5,2,188720,0.5265
8,3,142120,8,1,170430,5,3,185380,0.4736
8,3,142120,8,1,170430,6,1,241880,0.3696
8,3,142120,8,1,170430,6,2,164810,0.4107
8,3,142120,8,1,170430,6,3,266820,0.2889
8,3,142120,8,1,170430,7,1,269500,0.2803
8,3,142120,8,1,170430,7,2,278840,0.2756
8,3,142120,8,1,170430,7,3,274760,0.2100
8,3,142120,8,1,170430,8,2,89370,0.2775
8,3,142120,8,2,89370,1,1,243400,0.3346
8,3,142120,8,2,89370,1,2,223010,0.3057
8,3,142120,8,2,89370,1,3,181870,0.2921
8,3,142120,8,2,89370,2,1,210550,0.1216
8,3,142120,8,2,89370,2,2,251930,0.2463
8,3,142120,8,2,89370,2,3,223700,0.1460
8,3,142120,8,2,89370,3,1,110320,0.2612
8,3,142120,8,2,89370,3,2,122580,0.2155
8,3,142120,8,2,89370,3,3,112370,0.2399
8,3,142120,8,2,89370,4,1,222600,0.4059
8,3,142120,8,2,89370,4,2,267800,0.3607
8,3,142120,8,2,89370,4,3,271990,0.3753
8,3,142120,8,2,89370,5,1,130490,0.6445
8,3,142120,8,2,89370,5,2,188720,0.5031
8,3,142120,8,2,89370,5,3,185380,0.4839
8,3,142120,8,2,89370,6,1,241880,0.4071
8,3,142120,8,2,89370,6,2,164810,0.4403
8,3,142120,8,2,89370,6,3,266820,0.3305
8,3,142120,8,2,89370,7,1,269500,0.2684
8,3,142120,8,2,89370,7,2,278840,0.2774
8,3,142120,8,2,89370,7,3,274760,0.2294
8,3,142120,8,2,89370,8,1,170430,0.3137
