,encoded_prediction,score_prediction,encoded_mean,score_mean,score_variance
0,"[ 0.28634918  0.2664314   0.2644733   0.21177633  0.21723108  0.25187543
  0.24601898  0.37937418  0.2836418   0.2814891   0.27410167  0.269574
  0.22509478  0.26242387  0.2772546   0.25695923  0.25710887  0.25144345
  0.21399133  0.3549548   0.27287254  0.2701581   0.25118864  0.26925477
  0.22687532  0.2983807   0.26855955  0.25717288  0.2584924   0.25071847
  0.21278164  0.3338007   0.2603814   0.30085924  0.27368504  0.21617033
  0.21090077  0.26363778  0.26126918  0.24925184  0.21125294  0.21300878
  0.23273496  0.21293865  0.25241867  0.23664941  0.22079061  0.25394407
  0.21664628  0.2603545   0.2166556   0.2088412   0.2500528   0.2425687
  0.24944693  0.23375414  0.21391366  0.3479593   0.23580937  0.29121706
  0.22509165  0.23129329  0.2720282   0.21783836  0.2661361   0.22696228
  0.22937123  0.26204807  0.2377864   0.26022497  0.22498569  0.20459764
 -0.39701614 -0.39762905 -0.4102582  -0.42177543 -0.41558793 -0.417739
 -0.42116424 -0.43004912 -0.39715233 -0.4130292  -0.44924113 -0.42353114
 -0.41211346 -0.4276558  -0.43203613 -0.4224911  -0.37621757 -0.4197281
 -0.41084135 -0.433723   -0.40709046 -0.42186698 -0.4111966  -0.40748528
 -0.40056953 -0.37978566 -0.4072294  -0.42089996 -0.42035362 -0.39699867
 -0.4245005  -0.40315685 -0.41883215 -0.40555963 -0.42796883 -0.42402306
 -0.4083138  -0.40987435 -0.4210994  -0.43386483 -0.41605338 -0.38280722
 -0.39260265 -0.39498523 -0.40475434 -0.42683163 -0.40271613 -0.38447478
 -0.42323145 -0.4212123  -0.4383839  -0.42204562 -0.42316946 -0.41230425
 -0.42671672 -0.4045055  -0.41803762 -0.3891087  -0.4437324  -0.44033974
 -0.42232576 -0.421802   -0.41900665 -0.3889905  -0.4424382  -0.41952795
 -0.41973937 -0.4309619  -0.40269497 -0.41889834 -0.4052259  -0.41214675
  0.15850647  0.15792808  0.1341617   0.11167467  0.11095986  0.11807735
  0.1042199   0.11750651  0.13397588  0.12073986  0.1219522   0.12627277
  0.10800623  0.12627424  0.11842758  0.12344629  0.11064202  0.12048011
  0.11222722  0.14829855  0.14521797  0.15720637  0.13389428  0.14365055
  0.1309713   0.14605066  0.14227593  0.1494273   0.11976263  0.1264261
  0.13706358  0.13796748  0.14396183  0.13860741  0.12275773  0.10556568
  0.09780025  0.12165654  0.10459191  0.10577983  0.09643131  0.0914849
  0.08943073  0.10930301  0.09519693  0.09621166  0.10884026  0.11028314
  0.08831968  0.1124254   0.08292887  0.08784671  0.12040684  0.09482361
  0.10702413  0.0894907   0.09913726  0.1650587   0.10284397  0.12423618
  0.11107242  0.10958412  0.12519181  0.09575891  0.10687846  0.11449359
  0.10885071  0.12896566  0.10947554  0.12709506  0.11416456  0.1038201
  0.15749754  0.16526155  0.14571932  0.1687298   0.14639877  0.13830256
  0.13071348  0.17237084  0.19111921  0.1264452   0.11208786  0.16461027
  0.19026354  0.14965545  0.14956327  0.11565246  0.15135896  0.13329224
  0.1508017   0.14124377  0.12819442  0.1295035   0.13098891  0.13066126
  0.1726054   0.11006867  0.12772615  0.13771087  0.1371963   0.13765962
  0.17318301  0.19594137  0.14487751  0.16591695  0.09929981  0.13481079
  0.14183702  0.10325547  0.0687368   0.09388079  0.18248533  0.18717046
  0.12677068  0.18841349  0.17080633  0.1887608   0.15974621  0.1322483
  0.16775717  0.13390763  0.14027841  0.11010372  0.1414464   0.14977628
  0.12944745  0.16365232  0.1635449   0.18523294  0.15387522  0.15758961
  0.16084819  0.15836571  0.17980726  0.17622708  0.16887628  0.1376703
  0.16332428  0.1170764   0.12896407  0.1545112   0.11480842  0.16258031]","[[10280.8545]
 [10236.981 ]
 [10215.183 ]
 [10482.965 ]
 [10501.617 ]
 [10311.353 ]
 [10330.284 ]
 [10330.223 ]
 [10176.373 ]
 [10295.058 ]
 [10325.358 ]
 [10335.522 ]
 [10508.306 ]
 [10429.921 ]
 [10279.137 ]
 [10322.11  ]
 [10322.677 ]
 [10418.714 ]
 [10552.48  ]
 [10764.873 ]
 [10284.349 ]
 [10331.94  ]
 [10203.857 ]
 [10366.601 ]
 [10505.986 ]
 [ 9951.326 ]
 [10275.188 ]
 [10280.689 ]
 [10311.645 ]
 [10354.128 ]
 [10467.207 ]
 [10039.186 ]
 [10185.647 ]
 [10284.3545]
 [10266.261 ]
 [10585.    ]
 [10564.868 ]
 [10327.198 ]
 [10315.969 ]
 [10333.829 ]
 [10557.677 ]
 [10679.172 ]
 [10326.494 ]
 [10642.788 ]
 [10352.985 ]
 [10550.461 ]
 [10573.068 ]
 [10451.023 ]
 [10587.877 ]
 [10444.829 ]
 [10532.1875]
 [10629.08  ]
 [10478.938 ]
 [10502.75  ]
 [10462.631 ]
 [10514.013 ]
 [10623.571 ]
 [10249.226 ]
 [10663.771 ]
 [10328.799 ]
 [10582.462 ]
 [10541.748 ]
 [10338.317 ]
 [10543.323 ]
 [10386.085 ]
 [10664.57  ]
 [10544.939 ]
 [10391.039 ]
 [10506.034 ]
 [10388.226 ]
 [10559.163 ]
 [10658.077 ]
 [ 9730.669 ]
 [ 9788.124 ]
 [ 9833.075 ]
 [ 9932.346 ]
 [ 9940.592 ]
 [ 9912.6045]
 [ 9940.302 ]
 [10001.536 ]
 [ 9942.284 ]
 [ 9856.937 ]
 [ 9994.416 ]
 [ 9850.548 ]
 [ 9854.902 ]
 [ 9838.881 ]
 [ 9990.767 ]
 [10069.34  ]
 [ 9948.503 ]
 [ 9895.797 ]
 [ 9863.083 ]
 [ 9877.022 ]
 [ 9892.153 ]
 [ 9799.294 ]
 [ 9644.71  ]
 [ 9779.069 ]
 [ 9751.003 ]
 [ 9664.87  ]
 [ 9698.816 ]
 [ 9690.864 ]
 [ 9689.228 ]
 [ 9716.438 ]
 [ 9648.581 ]
 [ 9687.291 ]
 [ 9847.988 ]
 [ 9855.11  ]
 [ 9985.321 ]
 [ 9920.423 ]
 [ 9844.565 ]
 [ 9851.697 ]
 [ 9882.339 ]
 [10004.666 ]
 [ 9741.121 ]
 [ 9842.085 ]
 [ 9645.357 ]
 [ 9757.813 ]
 [ 9816.607 ]
 [ 9784.711 ]
 [ 9916.589 ]
 [ 9991.807 ]
 [ 9938.471 ]
 [ 9807.908 ]
 [ 9912.657 ]
 [ 9848.778 ]
 [ 9954.44  ]
 [ 9817.882 ]
 [ 9858.202 ]
 [ 9755.507 ]
 [ 9925.174 ]
 [ 9869.239 ]
 [ 9771.839 ]
 [ 9968.276 ]
 [ 9817.509 ]
 [ 9685.6045]
 [ 9797.55  ]
 [ 9788.556 ]
 [ 9909.843 ]
 [ 9866.674 ]
 [ 9761.586 ]
 [ 9883.795 ]
 [ 9824.361 ]
 [ 9811.697 ]
 [ 9815.972 ]
 [ 9767.3   ]
 [10290.06  ]
 [10361.417 ]
 [10339.365 ]
 [10390.929 ]
 [10389.438 ]
 [10433.091 ]
 [10481.731 ]
 [10318.366 ]
 [10515.156 ]
 [10409.928 ]
 [10518.346 ]
 [10428.766 ]
 [10461.202 ]
 [10446.605 ]
 [10492.674 ]
 [10437.848 ]
 [10472.897 ]
 [10480.929 ]
 [10537.158 ]
 [10331.453 ]
 [10516.844 ]
 [10467.182 ]
 [10475.695 ]
 [10479.472 ]
 [10484.317 ]
 [10419.784 ]
 [10542.993 ]
 [10469.877 ]
 [10585.623 ]
 [10490.997 ]
 [10507.026 ]
 [10465.423 ]
 [10448.947 ]
 [10396.261 ]
 [10416.711 ]
 [10422.489 ]
 [10452.975 ]
 [10358.348 ]
 [10428.288 ]
 [10445.892 ]
 [10475.462 ]
 [10583.446 ]
 [10489.662 ]
 [10586.918 ]
 [10431.271 ]
 [10554.269 ]
 [10553.667 ]
 [10476.577 ]
 [10522.905 ]
 [10442.578 ]
 [10503.392 ]
 [10500.571 ]
 [10474.173 ]
 [10513.269 ]
 [10414.723 ]
 [10493.385 ]
 [10497.586 ]
 [10491.909 ]
 [10429.497 ]
 [10355.608 ]
 [10418.128 ]
 [10382.778 ]
 [10461.986 ]
 [10461.966 ]
 [10500.336 ]
 [10520.088 ]
 [10463.247 ]
 [10540.347 ]
 [10525.801 ]
 [10432.539 ]
 [10381.53  ]
 [10442.932 ]
 [ 9871.655 ]
 [ 9963.126 ]
 [ 9963.394 ]
 [ 9889.103 ]
 [ 9888.447 ]
 [ 9955.79  ]
 [ 9962.573 ]
 [10142.9795]
 [ 9960.681 ]
 [ 9968.212 ]
 [10037.337 ]
 [ 9917.534 ]
 [ 9822.878 ]
 [ 9982.249 ]
 [ 9999.89  ]
 [ 9982.2295]
 [ 9957.659 ]
 [ 9915.245 ]
 [ 9983.469 ]
 [ 9890.582 ]
 [10048.497 ]
 [10004.37  ]
 [10007.499 ]
 [10115.145 ]
 [ 9906.277 ]
 [10142.606 ]
 [ 9984.757 ]
 [ 9978.38  ]
 [ 9963.85  ]
 [10002.657 ]
 [ 9915.399 ]
 [ 9843.94  ]
 [ 9934.737 ]
 [ 9992.353 ]
 [10103.498 ]
 [ 9947.261 ]
 [ 9885.608 ]
 [10013.658 ]
 [10150.315 ]
 [ 9985.329 ]
 [ 9803.677 ]
 [ 9779.542 ]
 [ 9974.465 ]
 [ 9767.027 ]
 [ 9917.237 ]
 [ 9765.167 ]
 [ 9883.466 ]
 [ 9974.149 ]
 [ 9838.54  ]
 [ 9967.016 ]
 [ 9900.722 ]
 [10033.14  ]
 [ 9917.469 ]
 [ 9821.103 ]
 [10038.94  ]
 [ 9790.436 ]
 [ 9775.839 ]
 [ 9926.513 ]
 [ 9830.294 ]
 [ 9813.233 ]
 [ 9801.643 ]
 [ 9825.523 ]
 [ 9885.081 ]
 [ 9681.548 ]
 [ 9935.649 ]
 [ 9869.853 ]
 [ 9775.561 ]
 [ 9983.422 ]
 [ 9904.526 ]
 [ 9847.244 ]
 [ 9768.917 ]
 [ 9782.55  ]]",-0.026002023369073868,10160.3369140625,299.9375305175781
1,"[-0.03773485  0.03781492  0.01570575  0.04504088  0.05440275  0.01532517
  0.01765877  0.260335    0.13082862  0.10924395  0.11423687  0.13385724
  0.12789048 -0.20166312  0.11049667  0.10150704  0.10827963  0.11484594
  0.11319686  0.07539389  0.15188012  0.11704102  0.10431454  0.11527448
  0.1591747   0.12898925  0.09563958  0.10893071  0.11724156  0.10677507
  0.09423594  0.1411964   0.09979331  0.0966654   0.11478034  0.10108836
  0.12826152  0.10898792  0.1400167   0.1135143   0.16593827  0.08004269
  0.12154181  0.18540208  0.09871832  0.09759451  0.09716693  0.0734937
  0.10598265  0.14741999  0.12184072  0.0700709   0.0676454   0.13324526
  0.10265096  0.13178383  0.07400338  0.12187727  0.13643754  0.13296105
  0.10664918  0.07476994  0.05758213  0.06873471  0.09447691  0.04593515
  0.12164288  0.08084022  0.1382964   0.09920879  0.07594799  0.07918593
  0.23199958  0.21220891  0.21491408  0.23228756  0.20082283  0.20317812
  0.21197443  0.37324706  0.43246138  0.19308439  0.19779749  0.20387135
  0.21359964  0.15504572  0.16506283  0.17381066  0.1913591   0.18061458
  0.23203358  0.6192522   0.19913068  0.17857818  0.16993226  0.19273318
  0.22871749  0.22377326  0.1943374   0.1770965   0.21989812  0.20810154
  0.24955831  0.2667355   0.22336838  0.22656617  0.19523038  0.18389867
  0.16125461  0.13990265  0.1610495   0.14078188  0.16791855  0.11558151
  0.19380839  0.15586378  0.2038713   0.23267117  0.14198956  0.19536413
  0.25785914  0.22357906  0.26049265  0.17044728  0.17919962  0.19101112
  0.22557144  0.25373524  0.18216102  0.41679326  0.28517565  0.3203202
  0.32855824  0.26262236  0.2537686   0.31973758  0.3036391   0.29323265
  0.27145228  0.2752489   0.26809072  0.25204796  0.37319556  0.23579143]","[[ 9381.292 ]
 [ 9058.37  ]
 [ 9078.815 ]
 [ 9146.013 ]
 [ 9087.335 ]
 [ 9142.187 ]
 [ 9082.618 ]
 [ 9202.216 ]
 [ 9204.506 ]
 [ 9219.108 ]
 [ 9223.161 ]
 [ 9151.419 ]
 [ 9035.343 ]
 [10921.75  ]
 [ 9159.532 ]
 [ 9251.939 ]
 [ 9283.049 ]
 [ 9252.619 ]
 [ 9147.651 ]
 [ 9476.267 ]
 [ 9164.733 ]
 [ 9211.385 ]
 [ 9269.694 ]
 [ 9207.903 ]
 [ 8984.269 ]
 [ 9174.284 ]
 [ 9270.323 ]
 [ 9253.331 ]
 [ 9222.792 ]
 [ 9260.1455]
 [ 9527.86  ]
 [ 9138.87  ]
 [ 9283.034 ]
 [ 9215.527 ]
 [ 9218.829 ]
 [ 9373.333 ]
 [ 9236.806 ]
 [ 9323.317 ]
 [ 9097.644 ]
 [ 9192.927 ]
 [ 9126.169 ]
 [ 9349.407 ]
 [ 9195.901 ]
 [ 9131.9375]
 [ 9376.964 ]
 [ 9238.614 ]
 [ 9284.513 ]
 [ 9393.902 ]
 [ 9249.65  ]
 [ 9138.416 ]
 [ 8985.638 ]
 [ 9392.738 ]
 [ 9309.755 ]
 [ 9240.152 ]
 [ 9318.4795]
 [ 9037.8   ]
 [ 9340.607 ]
 [ 9036.5625]
 [ 8861.19  ]
 [ 9222.095 ]
 [ 9094.929 ]
 [ 9395.384 ]
 [ 9449.46  ]
 [ 9206.1455]
 [ 9241.447 ]
 [ 9575.24  ]
 [ 9250.891 ]
 [ 9271.579 ]
 [ 9085.813 ]
 [ 9331.118 ]
 [ 9451.151 ]
 [ 9251.14  ]
 [ 9284.47  ]
 [ 9335.749 ]
 [ 9357.032 ]
 [ 9150.512 ]
 [ 9253.906 ]
 [ 9404.315 ]
 [ 9340.756 ]
 [ 9483.28  ]
 [10239.089 ]
 [ 9410.083 ]
 [ 9342.959 ]
 [ 9308.268 ]
 [ 9341.181 ]
 [ 9525.837 ]
 [ 9455.184 ]
 [ 9460.122 ]
 [ 9321.538 ]
 [ 9365.262 ]
 [ 9387.943 ]
 [10710.628 ]
 [ 9464.478 ]
 [ 9429.163 ]
 [ 9446.885 ]
 [ 9320.7   ]
 [ 9189.891 ]
 [ 9274.841 ]
 [ 9343.421 ]
 [ 9393.445 ]
 [ 9300.341 ]
 [ 9370.317 ]
 [ 9342.888 ]
 [ 9299.821 ]
 [ 9358.579 ]
 [ 9356.421 ]
 [ 9397.6455]
 [ 9433.385 ]
 [ 9587.278 ]
 [ 9443.938 ]
 [ 9490.267 ]
 [ 9452.378 ]
 [ 9502.38  ]
 [ 9502.912 ]
 [ 9338.193 ]
 [ 9358.536 ]
 [ 9424.582 ]
 [ 9420.216 ]
 [ 9512.087 ]
 [ 9437.655 ]
 [ 9365.441 ]
 [ 9402.209 ]
 [ 9285.853 ]
 [ 9370.438 ]
 [ 9414.462 ]
 [ 9417.846 ]
 [ 9335.528 ]
 [ 9311.672 ]
 [ 9411.616 ]
 [ 9799.471 ]
 [ 9122.242 ]
 [ 9290.384 ]
 [ 9255.532 ]
 [ 9396.558 ]
 [ 9412.574 ]
 [ 9290.601 ]
 [ 9286.911 ]
 [ 9320.835 ]
 [ 9443.997 ]
 [ 9433.97  ]
 [ 9361.935 ]
 [ 9481.554 ]
 [ 9258.926 ]
 [ 9471.332 ]]",-0.16451126337051392,9330.4140625,237.14439392089844
2,"[ 0.275185    0.26642948  0.2878151   0.1907169   0.21441625  0.20107651
  0.26927003  0.31373414  0.22573687  0.30410832  0.27635202  0.26298046
  0.20965047  0.22642097  0.25428808  0.2620254   0.24210754  0.23939693
  0.21533935  0.26085296  0.28116307  0.27668256  0.2388856   0.25668672
  0.2057349   0.22544189  0.25683984  0.2618436   0.26417124  0.257008
  0.22370766  0.02808028  0.34814596  0.3729432   0.3161203   0.22757596
  0.26731688  0.20668203  0.15327883  0.16169462  0.23267485  0.16787945
  0.18499015  0.20288114  0.18470456  0.18898892  0.23080187  0.1897264
  0.17641507  0.20283933  0.1987674   0.22870974  0.20628147  0.18431525
  0.20024846  0.21423696  0.22001444  0.3519875   0.2975111   0.1762622
  0.20360772  0.27196208  0.20421235  0.19362465  0.17263739  0.19973667
  0.22909467  0.19424395  0.17168021  0.18438493  0.19884205  0.23862477
 -0.17098609 -0.01600738 -0.05116122 -0.04523975 -0.02816457 -0.05446714
 -0.02200071  0.12888287 -0.01442227 -0.00625512 -0.03943124 -0.0436147
 -0.02218681 -0.02413206  0.00054987 -0.02729372 -0.00603548 -0.02416321
 -0.01738705 -0.0250415  -0.06948388 -0.01279851 -0.00683877 -0.02853624
 -0.00649869 -0.0313605   0.01187173 -0.01480055 -0.00172147 -0.01519655
 -0.01097509 -0.05358057  0.10115507  0.02861089  0.02192533  0.01162958
 -0.00713958  0.014598    0.00918198 -0.00292583  0.00140196  0.01346955
  0.03451406 -0.06102873  0.02235389  0.01932064  0.02394204  0.00651273
  0.00792217  0.01732841 -0.00436687  0.01990943  0.01653464  0.0169548
  0.00910905  0.02241616  0.007199    0.13534606  0.04576515  0.00476499
 -0.01966544  0.02624255  0.00843758 -0.01786002  0.02651663  0.01270468
  0.04463014  0.03542484  0.0086249   0.03154508  0.03323089  0.00971876
 -0.2595617  -0.1390177  -0.18705745 -0.16532479 -0.16383527 -0.16788378
 -0.17226753 -0.06848061 -0.22658394 -0.16522266 -0.15528549 -0.15770707
 -0.13966991 -0.17012042 -0.14428484 -0.16842018 -0.16262658 -0.16564351
 -0.14540349 -0.17389013 -0.22959004 -0.18136203 -0.16021438 -0.17812847
 -0.16560704 -0.16877514 -0.14452001 -0.17883526 -0.15091202 -0.17075908
 -0.1521877  -0.29549056 -0.0652182  -0.06655942 -0.1394319  -0.13049708
 -0.17424516 -0.13981505 -0.15881331 -0.14368    -0.13877325 -0.15611011
 -0.14494298 -0.14620824 -0.13978606 -0.15550563 -0.13975467 -0.14333314
 -0.14190815 -0.13920559 -0.15893035 -0.13635553 -0.15351889 -0.15189569
 -0.14976056 -0.1530496  -0.1341513  -0.22765933 -0.11375622 -0.16093314
 -0.14572711 -0.1323426  -0.1500011  -0.15354334 -0.14776972 -0.16513395
 -0.13806634 -0.15068068 -0.14015727 -0.14698611 -0.14173199 -0.13376658]","[[10256.782 ]
 [10279.455 ]
 [10390.171 ]
 [10332.0205]
 [10294.323 ]
 [10370.726 ]
 [10205.183 ]
 [10109.537 ]
 [10456.507 ]
 [10068.334 ]
 [10151.084 ]
 [10219.331 ]
 [10369.656 ]
 [10495.638 ]
 [10217.579 ]
 [10163.872 ]
 [10296.6   ]
 [10268.602 ]
 [10303.579 ]
 [ 9972.692 ]
 [10267.656 ]
 [10184.206 ]
 [10273.506 ]
 [10225.1045]
 [10293.3125]
 [10432.47  ]
 [10264.335 ]
 [10202.89  ]
 [10278.7   ]
 [10247.351 ]
 [10280.048 ]
 [ 9376.965 ]
 [ 9824.741 ]
 [ 9908.655 ]
 [10326.386 ]
 [10176.911 ]
 [10332.016 ]
 [10238.081 ]
 [10305.474 ]
 [10260.584 ]
 [10098.478 ]
 [10358.436 ]
 [10272.087 ]
 [10278.953 ]
 [10309.533 ]
 [10390.614 ]
 [10132.328 ]
 [10265.292 ]
 [10336.739 ]
 [10241.282 ]
 [10386.243 ]
 [10132.944 ]
 [10177.356 ]
 [10340.128 ]
 [10282.082 ]
 [10305.009 ]
 [10164.572 ]
 [10014.919 ]
 [10599.633 ]
 [10333.411 ]
 [10365.388 ]
 [10246.329 ]
 [10234.89  ]
 [10269.567 ]
 [10338.827 ]
 [10431.709 ]
 [10221.845 ]
 [10301.301 ]
 [10382.256 ]
 [10274.225 ]
 [10434.847 ]
 [10194.535 ]
 [10059.301 ]
 [ 9664.339 ]
 [ 9828.138 ]
 [ 9824.392 ]
 [ 9846.826 ]
 [ 9892.64  ]
 [ 9880.148 ]
 [ 9855.004 ]
 [ 9802.958 ]
 [ 9704.6   ]
 [ 9929.014 ]
 [ 9956.353 ]
 [ 9893.601 ]
 [ 9995.7295]
 [ 9814.425 ]
 [ 9855.55  ]
 [ 9819.6875]
 [ 9927.788 ]
 [ 9895.97  ]
 [ 9757.683 ]
 [ 9833.986 ]
 [ 9818.759 ]
 [ 9816.277 ]
 [ 9874.206 ]
 [ 9906.733 ]
 [10062.376 ]
 [ 9844.868 ]
 [ 9915.437 ]
 [ 9846.515 ]
 [ 9878.09  ]
 [ 9887.759 ]
 [10338.116 ]
 [ 9439.515 ]
 [ 9671.237 ]
 [ 9852.523 ]
 [ 9772.178 ]
 [ 9852.175 ]
 [ 9922.005 ]
 [ 9797.14  ]
 [ 9785.432 ]
 [ 9866.44  ]
 [ 9720.206 ]
 [ 9806.058 ]
 [10103.682 ]
 [ 9869.888 ]
 [ 9799.897 ]
 [ 9873.965 ]
 [ 9871.447 ]
 [ 9923.88  ]
 [ 9869.429 ]
 [ 9864.565 ]
 [ 9838.734 ]
 [ 9873.161 ]
 [ 9852.402 ]
 [ 9931.621 ]
 [ 9819.482 ]
 [ 9913.659 ]
 [ 9742.964 ]
 [10309.576 ]
 [ 9772.341 ]
 [ 9939.284 ]
 [ 9735.965 ]
 [ 9886.884 ]
 [ 9884.56  ]
 [ 9851.56  ]
 [ 9763.606 ]
 [ 9887.396 ]
 [ 9852.882 ]
 [ 9914.438 ]
 [ 9852.088 ]
 [ 9753.093 ]
 [ 9931.083 ]
 [11083.518 ]
 [11178.595 ]
 [11336.148 ]
 [11240.771 ]
 [11372.759 ]
 [11300.858 ]
 [11353.756 ]
 [11116.121 ]
 [11121.345 ]
 [11258.624 ]
 [11313.946 ]
 [11318.49  ]
 [11220.517 ]
 [11451.997 ]
 [11201.952 ]
 [11385.38  ]
 [11369.909 ]
 [11352.126 ]
 [11237.222 ]
 [11612.912 ]
 [11294.107 ]
 [11400.407 ]
 [11374.497 ]
 [11366.461 ]
 [11327.664 ]
 [11476.251 ]
 [11209.617 ]
 [11455.985 ]
 [11284.053 ]
 [11361.813 ]
 [11289.826 ]
 [11432.797 ]
 [10996.432 ]
 [11012.786 ]
 [11255.06  ]
 [11220.568 ]
 [11388.194 ]
 [11303.802 ]
 [11337.615 ]
 [11317.652 ]
 [11229.38  ]
 [11351.075 ]
 [11330.829 ]
 [11362.213 ]
 [11279.434 ]
 [11325.956 ]
 [11224.93  ]
 [11318.532 ]
 [11249.071 ]
 [11279.808 ]
 [11354.823 ]
 [11241.2705]
 [11320.019 ]
 [11306.001 ]
 [11311.617 ]
 [11316.281 ]
 [11253.791 ]
 [11576.751 ]
 [11012.965 ]
 [11339.962 ]
 [11307.999 ]
 [11252.128 ]
 [11329.135 ]
 [11282.01  ]
 [11355.678 ]
 [11355.421 ]
 [11250.129 ]
 [11284.11  ]
 [11215.326 ]
 [11289.503 ]
 [11264.642 ]
 [11238.126 ]]",-0.02450878918170929,10470.25,619.2994995117188
3,"[ 0.5018183   0.301407    0.2837617   0.26716852  0.26864028  0.23292466
  0.25863552  0.15911813  0.12356053  0.18593809  0.16344829  0.14064702
  0.19902085  0.15481706  0.22084773  0.20916586  0.12445579  0.1683216
  0.13935581  0.17274742  0.1929146   0.18213226  0.17969467  0.21236426
  0.168119    0.1276861   0.19177751  0.2200722   0.22232772  0.18850856
  0.17360309  0.13393708  0.22583602  0.14264733  0.17783158  0.13682835
  0.14016162  0.13308346  0.15462653  0.17267813  0.16785608  0.18110648
  0.16402374  0.14969814  0.1411386   0.18456155  0.18088187  0.17607294
  0.18150349  0.16207495  0.20148973  0.23127367  0.16329297  0.16356619
  0.16196555  0.17223383  0.19948658  0.12518838  0.17410396  0.19455402
  0.22289442  0.20215484  0.24852936  0.20155087  0.19625375  0.19740981
  0.2457061   0.18623401  0.1813934   0.19820096  0.19559062  0.22129777
 -0.03150567 -0.20639165 -0.19387324 -0.04303841 -0.23398371 -0.16528235
 -0.22406979 -0.1712267  -0.2864367  -0.2654172  -0.25178382 -0.24073409
 -0.07949553 -0.0710628  -0.27634418 -0.25959447 -0.25290757 -0.23380779
 -0.05805613 -0.15080023 -0.26908836 -0.24594705 -0.25240657 -0.23776118
 -0.14119537 -0.19246565 -0.23849265 -0.24948679 -0.2524903  -0.25277874
 -0.14663623 -0.11947501 -0.12038584 -0.16048573 -0.28704622 -0.13706534
 -0.277943   -0.29307437 -0.26440552 -0.28621307 -0.14125238 -0.28798762
 -0.25861195 -0.11414562 -0.1457417  -0.14298649 -0.28645256 -0.26035023
 -0.14894976 -0.14312732 -0.12959082 -0.27208504 -0.25944948 -0.13970342
 -0.13349356 -0.16570355 -0.24392463 -0.2599251  -0.14318399 -0.15378647
 -0.13372092 -0.28194675 -0.27263215 -0.1517268  -0.16553968 -0.12772626
 -0.23243634 -0.24977283 -0.16517995 -0.13060246 -0.166214   -0.2534156
 -0.14580674 -0.16318612 -0.13378964 -0.18086971 -0.19523479 -0.17810716
 -0.19199757 -0.09863047 -0.16467789 -0.14986792 -0.16246422 -0.09461235
 -0.1261339  -0.11011796 -0.26834854  0.16796933 -0.1323546  -0.14365813
 -0.15886681 -0.24797396 -0.14406103 -0.14906743 -0.1346585  -0.16013692
 -0.14042778 -0.1366546  -0.14460705 -0.1669979  -0.19840409 -0.14257286
 -0.23888706 -0.03635751 -0.03310677 -0.0948476  -0.10113177 -0.14917405
 -0.12236106 -0.11146539 -0.12957571 -0.15220231 -0.13674136 -0.14875089
 -0.14892031 -0.14463548 -0.10252376 -0.10831681 -0.14237799 -0.1067505
 -0.06741213 -0.11438084 -0.15124029 -0.12435372 -0.16247833 -0.12437607
 -0.04456911 -0.16109121 -0.12511715 -0.08892654 -0.15423629 -0.06477435
 -0.18375042 -0.11671221 -0.08761019 -0.1541045  -0.09987204 -0.1816721
 -0.1640834  -0.12855391 -0.10623525 -0.1002785  -0.13727005 -0.16906045]","[[ 9973.876 ]
 [10154.514 ]
 [10101.038 ]
 [ 9918.77  ]
 [10185.73  ]
 [10266.29  ]
 [ 9983.521 ]
 [ 9888.429 ]
 [10189.772 ]
 [10024.535 ]
 [ 9889.346 ]
 [10017.372 ]
 [ 9849.126 ]
 [ 9677.385 ]
 [10056.265 ]
 [10031.063 ]
 [10061.067 ]
 [10189.001 ]
 [ 9910.291 ]
 [ 9997.301 ]
 [ 9986.915 ]
 [ 9972.899 ]
 [ 9904.297 ]
 [ 9829.497 ]
 [ 9834.819 ]
 [10013.246 ]
 [10028.327 ]
 [ 9966.401 ]
 [ 9853.168 ]
 [ 9909.983 ]
 [ 9728.072 ]
 [ 9999.179 ]
 [ 9899.908 ]
 [ 9900.08  ]
 [10025.56  ]
 [ 9833.909 ]
 [10141.594 ]
 [10032.103 ]
 [ 9887.505 ]
 [ 9835.139 ]
 [ 9789.859 ]
 [ 9826.931 ]
 [ 9811.784 ]
 [ 9791.261 ]
 [ 9900.958 ]
 [ 9749.183 ]
 [ 9928.363 ]
 [ 9859.744 ]
 [ 9749.229 ]
 [ 9831.279 ]
 [ 9754.896 ]
 [ 9802.294 ]
 [ 9842.914 ]
 [ 9807.912 ]
 [ 9825.706 ]
 [ 9749.256 ]
 [ 9787.58  ]
 [ 9388.441 ]
 [ 9697.496 ]
 [ 9785.037 ]
 [ 9679.913 ]
 [ 9895.794 ]
 [ 9839.174 ]
 [ 9803.396 ]
 [ 9795.198 ]
 [ 9806.698 ]
 [ 9999.346 ]
 [ 9882.894 ]
 [ 9810.444 ]
 [ 9792.49  ]
 [ 9713.366 ]
 [10014.532 ]
 [10234.445 ]
 [11010.726 ]
 [10681.771 ]
 [10295.345 ]
 [10965.069 ]
 [10652.616 ]
 [10858.648 ]
 [ 9357.944 ]
 [10790.002 ]
 [10653.937 ]
 [10678.33  ]
 [10581.377 ]
 [10085.439 ]
 [10108.235 ]
 [10774.043 ]
 [10714.756 ]
 [10604.814 ]
 [10554.195 ]
 [10134.75  ]
 [10966.737 ]
 [10691.111 ]
 [10546.806 ]
 [10670.828 ]
 [10661.16  ]
 [10347.985 ]
 [10482.964 ]
 [10760.427 ]
 [10686.272 ]
 [10771.603 ]
 [10810.553 ]
 [10327.275 ]
 [10280.212 ]
 [10219.3   ]
 [10218.497 ]
 [10721.425 ]
 [10287.999 ]
 [10724.344 ]
 [10975.369 ]
 [10711.751 ]
 [10798.406 ]
 [10249.045 ]
 [10776.435 ]
 [10869.476 ]
 [10390.745 ]
 [10298.238 ]
 [10306.355 ]
 [10760.401 ]
 [10831.399 ]
 [10285.684 ]
 [10272.243 ]
 [10100.03  ]
 [10805.469 ]
 [10704.31  ]
 [10317.435 ]
 [10253.6455]
 [10202.485 ]
 [10655.476 ]
 [10177.158 ]
 [10302.267 ]
 [10258.774 ]
 [10274.601 ]
 [10870.718 ]
 [10798.657 ]
 [10320.998 ]
 [10273.218 ]
 [10271.974 ]
 [10681.741 ]
 [10811.856 ]
 [10326.948 ]
 [10254.565 ]
 [10284.412 ]
 [10774.068 ]
 [ 9935.649 ]
 [ 9953.278 ]
 [ 9885.61  ]
 [10038.601 ]
 [10178.907 ]
 [ 9964.88  ]
 [ 9975.0205]
 [ 9737.798 ]
 [10004.588 ]
 [ 9861.277 ]
 [ 9856.606 ]
 [ 9752.046 ]
 [ 9960.649 ]
 [ 9932.325 ]
 [ 7933.259 ]
 [11625.755 ]
 [ 9980.78  ]
 [ 9888.205 ]
 [10065.796 ]
 [10124.562 ]
 [ 9870.907 ]
 [ 9849.999 ]
 [ 9843.157 ]
 [ 9862.269 ]
 [10128.922 ]
 [ 9907.399 ]
 [ 9947.63  ]
 [10011.241 ]
 [10014.053 ]
 [ 9864.194 ]
 [10425.512 ]
 [ 9522.63  ]
 [ 9574.866 ]
 [ 9873.4795]
 [ 9878.464 ]
 [10079.327 ]
 [10196.305 ]
 [ 9813.4795]
 [ 9813.255 ]
 [10026.784 ]
 [10155.277 ]
 [10172.138 ]
 [10075.249 ]
 [10104.478 ]
 [ 9763.313 ]
 [10112.141 ]
 [10161.636 ]
 [ 9738.899 ]
 [ 9875.901 ]
 [ 9839.236 ]
 [10218.814 ]
 [10226.506 ]
 [ 9866.048 ]
 [ 9904.93  ]
 [ 9749.79  ]
 [10124.92  ]
 [10187.911 ]
 [ 9735.349 ]
 [10032.922 ]
 [ 9818.736 ]
 [10002.373 ]
 [10173.94  ]
 [ 9891.566 ]
 [10155.777 ]
 [ 9839.213 ]
 [10135.818 ]
 [10305.229 ]
 [10014.959 ]
 [10066.302 ]
 [ 9841.401 ]
 [ 9987.091 ]
 [10229.673 ]]",0.047095853835344315,10127.25,391.6299743652344
4,"[ 0.12364411  0.17696135  0.10672243  0.06700076  0.12987542  0.14613728
  0.12415858  0.08355904  0.13797772  0.13693532  0.16957453  0.15674616
  0.10690399  0.11859618  0.11475874  0.14257193  0.15605272  0.12943187
  0.11208896  0.1122303   0.11907366  0.10887752  0.15379982  0.1553563
  0.11500933  0.11900885  0.13634075  0.1698233   0.1512622   0.15976207
  0.12800577  0.12049409  0.11572412  0.13176894  0.13821313  0.13966243
  0.14947768  0.16764887  0.16318727  0.14913473  0.11565452  0.18386255
  0.12080508  0.11331919  0.16773649  0.08629592  0.12296686  0.15840341
  0.1171601   0.11715033  0.08874697  0.14132622  0.18241404  0.11997841
  0.12431272  0.09542136  0.14760631  0.180809    0.11246689  0.14336975
  0.07557237  0.18371654  0.13236502  0.09705056  0.12826534  0.09908915
  0.1502488   0.1820318   0.0975284   0.17031883  0.082564    0.13542147
  0.08088537  0.10227238  0.11173922  0.05345435  0.05793557  0.03247616
  0.1333839   0.04287118  0.06230708  0.09775341  0.10703205  0.14612131
  0.06673175  0.08644331  0.06145752  0.09014067  0.08173827  0.13985632
  0.09049998  0.08069728  0.11104885  0.06276581  0.08586311  0.16196339
  0.07736769  0.07026344  0.07442706  0.14439626  0.09409638  0.15921871
  0.10191602  0.09697928  0.10221545  0.07256638  0.12529007  0.06222849
  0.06073745  0.04113986  0.09833711  0.12584034  0.0520762   0.12243189
  0.15507379  0.0685454   0.11569994  0.03949407  0.0813363   0.16302325
  0.0834274   0.10217046  0.05680835  0.06969488  0.14800498  0.08563838
  0.09748557  0.04463467  0.10832648  0.17423624  0.0682128   0.13523741
  0.04842008  0.09144436  0.19104244  0.09543118  0.09143624  0.07057888
  0.11613072  0.17633982  0.07097522  0.08988574  0.06726524  0.10424629
  0.16248046  0.2293949   0.17880045  0.24344493  0.19328569  0.1428767
  0.1542147   0.26399082  0.21042019  0.17753765  0.18524775  0.19762224
  0.21826984  0.30259907  0.2704725   0.24211122  0.2576071   0.22425617
  0.19499604  0.33373836  0.18383528  0.26099482  0.264768    0.22472084
  0.23470357  0.35650936  0.26336867  0.19477205  0.23703882  0.19084375
  0.21765539  0.21426857  0.28455773  0.23026009  0.28661215  0.265967
  0.26578107  0.24881963  0.25866044  0.25950012  0.24284007  0.25969464
  0.2370565   0.22000884  0.32090783  0.23029584  0.22548224  0.22713564
  0.25124472  0.2821993   0.24783532  0.21176071  0.2611959   0.24324976
  0.29730424  0.24006708  0.24753182  0.27567834  0.3136024   0.32609573
  0.24072887  0.2467282   0.2597018   0.24670435  0.30225703  0.23927467
  0.22618155  0.23708318  0.23236124  0.2935736   0.23448007  0.19093423
  0.0302748  -0.0191008  -0.00423793 -0.0579107   0.09152697 -0.01565473
  0.00355575  0.01234971 -0.00104127  0.02177498  0.01158149  0.00137632
  0.0095794   0.04788786  0.02716321 -0.00872844  0.00336645  0.0237579
  0.00716401  0.02978304  0.03051509  0.00329535  0.01178852  0.01837606
 -0.00603457  0.04637425  0.01031141  0.04663736  0.01641422  0.01846912
 -0.01260926  0.0022596   0.03037038  0.03272917  0.01742903 -0.00810055
  0.16509941  0.02108071  0.02128388  0.00552469 -0.00324812  0.1279475
  0.00566109 -0.00703535  0.0476898  -0.00571079  0.15403953  0.01380189
 -0.02817187  0.04521224 -0.00229186  0.12403692  0.02256961  0.02278675
  0.0459468  -0.00111564  0.16841996  0.01449601 -0.00621986  0.07008795
 -0.00844466  0.10567244  0.00604094 -0.01178353  0.06886643  0.01559952
  0.13789213  0.01145141 -0.01768266  0.04680102 -0.02259494  0.1440326
 -0.03557193 -0.01945731 -0.08371851  0.05823316 -0.02491531 -0.14407946
 -0.03365971  0.00344949 -0.07458276 -0.09379437 -0.04523646 -0.0811393
  0.04526487 -0.03938266 -0.08035485 -0.04367301 -0.06523228 -0.04615649
  0.0742133  -0.04269654 -0.09279048 -0.0411658  -0.07530744 -0.0543795
  0.02810675 -0.0870445  -0.01269776 -0.05027065 -0.07296849 -0.05267147
  0.03245616 -0.09068563  0.00300899 -0.10447942 -0.08334408  0.01377664
 -0.06912117 -0.07592448 -0.088731   -0.05801627  0.03434852 -0.04522609
 -0.10709061  0.03628404 -0.0835863  -0.00111727 -0.04957002 -0.07003689
  0.06443717 -0.08764302  0.04364718 -0.08967409 -0.11240546  0.02728637
 -0.09404003  0.05050184 -0.0478173  -0.09010367 -0.00554859 -0.07833767
 -0.00472094 -0.07650906 -0.07320714  0.04700202 -0.06880099  0.01687134
 -0.06317533 -0.07941189  0.03661157 -0.10272731  0.0066348   0.00697174
 -0.24341927 -0.2659611  -0.24855323 -0.28653625 -0.27342978 -0.21301255
 -0.25267318 -0.2857656  -0.25299245 -0.260849   -0.25350472 -0.22349788
 -0.23440634 -0.18947291 -0.2376508  -0.22431384 -0.24836282 -0.22027434
 -0.19476888 -0.24878447 -0.23806478 -0.23571406 -0.23617665 -0.20926487
 -0.21738271 -0.22594146 -0.22731484 -0.21838737 -0.21810566 -0.20968284
 -0.20042786 -0.2254953  -0.23173629 -0.24256293 -0.22044098 -0.26757482
 -0.19890313 -0.22267514 -0.2577779  -0.2116117  -0.24760799 -0.19224225
 -0.23599018 -0.2370898  -0.23968129 -0.23904638 -0.23425789 -0.21668626
 -0.24447827 -0.25328368 -0.2441365  -0.18614258 -0.2174216  -0.24378194
 -0.244637   -0.25320962 -0.21826161 -0.25400618 -0.21881512 -0.23474862
 -0.24980639 -0.18936794 -0.22675516 -0.24061476 -0.24704705 -0.2337705
 -0.17601885 -0.19644372 -0.241816   -0.21350405 -0.23724018 -0.18792379]","[[ 9724.756 ]
 [ 9640.681 ]
 [ 9955.486 ]
 [ 9658.1045]
 [ 9656.736 ]
 [ 9680.562 ]
 [ 9724.314 ]
 [ 9778.847 ]
 [ 9660.837 ]
 [ 9649.087 ]
 [ 9551.699 ]
 [10041.897 ]
 [ 9741.925 ]
 [ 9773.476 ]
 [ 9677.251 ]
 [ 9583.708 ]
 [ 9659.072 ]
 [ 9761.992 ]
 [ 9732.087 ]
 [ 9713.018 ]
 [ 9643.531 ]
 [ 9659.957 ]
 [ 9617.897 ]
 [ 9806.117 ]
 [ 9695.921 ]
 [ 9744.106 ]
 [ 9689.47  ]
 [ 9547.541 ]
 [ 9659.48  ]
 [ 9881.051 ]
 [ 9810.376 ]
 [ 9726.458 ]
 [ 9770.253 ]
 [ 9761.745 ]
 [ 9820.56  ]
 [ 9605.98  ]
 [ 9651.802 ]
 [ 9669.604 ]
 [ 9715.175 ]
 [ 9876.966 ]
 [ 9473.715 ]
 [ 9599.323 ]
 [ 9761.138 ]
 [ 9687.4795]
 [ 9874.708 ]
 [ 9528.787 ]
 [ 9801.546 ]
 [10011.01  ]
 [ 9751.218 ]
 [ 9736.864 ]
 [ 9533.391 ]
 [ 9676.234 ]
 [10057.419 ]
 [ 9842.179 ]
 [ 9965.333 ]
 [ 9606.731 ]
 [ 9702.727 ]
 [ 9991.423 ]
 [ 9773.255 ]
 [ 9754.727 ]
 [ 9713.558 ]
 [ 9508.787 ]
 [ 9841.36  ]
 [ 9548.992 ]
 [ 9711.402 ]
 [ 9588.885 ]
 [ 9727.169 ]
 [10204.13  ]
 [ 9788.896 ]
 [ 9896.945 ]
 [ 9619.734 ]
 [ 9587.952 ]
 [10358.567 ]
 [10309.793 ]
 [10644.174 ]
 [10214.565 ]
 [10368.137 ]
 [10491.606 ]
 [10488.29  ]
 [10428.694 ]
 [10428.155 ]
 [10289.414 ]
 [10251.328 ]
 [10716.721 ]
 [10375.683 ]
 [10290.351 ]
 [10395.731 ]
 [10298.052 ]
 [10337.222 ]
 [10595.111 ]
 [10327.177 ]
 [10331.705 ]
 [10176.18  ]
 [10279.018 ]
 [10383.93  ]
 [10511.616 ]
 [10608.589 ]
 [10323.967 ]
 [10293.487 ]
 [10033.858 ]
 [10212.262 ]
 [10656.829 ]
 [10303.7295]
 [10119.737 ]
 [10246.852 ]
 [10408.615 ]
 [10558.855 ]
 [10218.149 ]
 [10374.313 ]
 [10466.312 ]
 [10285.74  ]
 [10597.62  ]
 [10245.225 ]
 [10187.153 ]
 [10544.584 ]
 [10299.721 ]
 [10567.741 ]
 [10330.418 ]
 [10379.199 ]
 [10646.919 ]
 [10311.478 ]
 [10626.261 ]
 [10151.089 ]
 [10358.919 ]
 [10548.592 ]
 [10452.126 ]
 [10665.54  ]
 [10338.162 ]
 [10533.609 ]
 [10505.581 ]
 [10332.884 ]
 [10546.279 ]
 [10221.247 ]
 [10322.198 ]
 [10704.097 ]
 [10624.8125]
 [10511.605 ]
 [10293.956 ]
 [10283.135 ]
 [10857.212 ]
 [10416.353 ]
 [10433.019 ]
 [10279.536 ]
 [10714.687 ]
 [10095.182 ]
 [ 9809.375 ]
 [10060.823 ]
 [10002.533 ]
 [ 9967.527 ]
 [10084.003 ]
 [ 9980.101 ]
 [ 9689.687 ]
 [10090.525 ]
 [10124.925 ]
 [10171.214 ]
 [10039.94  ]
 [ 9963.606 ]
 [10187.767 ]
 [ 9928.099 ]
 [10056.667 ]
 [ 9886.979 ]
 [10042.325 ]
 [10054.363 ]
 [ 9896.612 ]
 [10095.239 ]
 [ 9989.628 ]
 [ 9786.065 ]
 [10168.153 ]
 [ 9914.226 ]
 [10270.598 ]
 [ 9994.081 ]
 [10252.988 ]
 [10080.94  ]
 [ 9939.228 ]
 [ 9911.328 ]
 [ 9914.81  ]
 [10068.166 ]
 [10067.053 ]
 [ 9931.503 ]
 [ 9805.089 ]
 [ 9804.3955]
 [10030.602 ]
 [10026.483 ]
 [ 9794.053 ]
 [ 9910.042 ]
 [ 9848.419 ]
 [10120.567 ]
 [10191.337 ]
 [10156.493 ]
 [10355.431 ]
 [10023.868 ]
 [10050.788 ]
 [10208.664 ]
 [10155.11  ]
 [10136.559 ]
 [10019.399 ]
 [ 9737.272 ]
 [10132.117 ]
 [ 9824.901 ]
 [10066.972 ]
 [10013.379 ]
 [10025.663 ]
 [10290.131 ]
 [10445.85  ]
 [10404.003 ]
 [ 9746.598 ]
 [ 9738.16  ]
 [10156.819 ]
 [10254.356 ]
 [10417.476 ]
 [ 9951.643 ]
 [10009.853 ]
 [10585.483 ]
 [10369.588 ]
 [10511.15  ]
 [10131.506 ]
 [10023.224 ]
 [ 9952.6455]
 [ 9960.468 ]
 [10165.516 ]
 [10172.118 ]
 [ 9957.871 ]
 [ 9957.105 ]
 [10055.608 ]
 [ 9791.28  ]
 [ 9876.685 ]
 [ 9833.3   ]
 [ 9825.751 ]
 [ 9870.011 ]
 [ 9900.584 ]
 [ 9882.768 ]
 [ 9901.499 ]
 [ 9871.193 ]
 [ 9894.758 ]
 [ 9970.041 ]
 [ 9590.875 ]
 [ 9839.448 ]
 [ 9916.886 ]
 [ 9840.301 ]
 [ 9797.087 ]
 [ 9868.745 ]
 [ 9895.584 ]
 [ 9855.028 ]
 [ 9819.624 ]
 [ 9759.601 ]
 [ 9771.056 ]
 [10011.803 ]
 [ 9795.966 ]
 [ 9810.054 ]
 [ 9880.691 ]
 [ 9851.284 ]
 [ 9936.907 ]
 [10435.2705]
 [ 9797.906 ]
 [ 9869.774 ]
 [ 9823.163 ]
 [ 9882.911 ]
 [10199.369 ]
 [ 9766.388 ]
 [ 9948.862 ]
 [ 9862.122 ]
 [ 9938.796 ]
 [10344.952 ]
 [ 9768.788 ]
 [ 9908.867 ]
 [ 9846.465 ]
 [10018.185 ]
 [10178.491 ]
 [ 9746.195 ]
 [ 9854.65  ]
 [ 9796.094 ]
 [ 9867.62  ]
 [10853.078 ]
 [ 9137.665 ]
 [ 9958.421 ]
 [ 9898.41  ]
 [10017.874 ]
 [10322.385 ]
 [ 9959.017 ]
 [ 9925.369 ]
 [10002.164 ]
 [ 9822.503 ]
 [10352.948 ]
 [ 9737.621 ]
 [ 9931.268 ]
 [ 9929.352 ]
 [10002.479 ]
 [10456.301 ]
 [ 9143.487 ]
 [ 9029.91  ]
 [ 9175.041 ]
 [ 9795.441 ]
 [ 9122.228 ]
 [ 9320.329 ]
 [ 9037.111 ]
 [ 9182.894 ]
 [ 9131.893 ]
 [ 9155.102 ]
 [ 9030.382 ]
 [ 9244.663 ]
 [ 9268.114 ]
 [ 9079.214 ]
 [ 9143.83  ]
 [ 8970.594 ]
 [ 8987.632 ]
 [ 9017.946 ]
 [ 9396.537 ]
 [ 9077.273 ]
 [ 9202.874 ]
 [ 8975.118 ]
 [ 9085.316 ]
 [ 9054.394 ]
 [ 9736.985 ]
 [ 9066.1455]
 [ 8869.655 ]
 [ 9023.795 ]
 [ 8990.53  ]
 [ 9028.247 ]
 [ 9246.022 ]
 [ 9078.813 ]
 [ 8888.681 ]
 [ 9186.219 ]
 [ 9122.407 ]
 [ 9383.583 ]
 [ 9015.434 ]
 [ 9032.76  ]
 [ 9120.455 ]
 [ 9005.992 ]
 [ 9476.894 ]
 [ 9159.506 ]
 [ 9122.79  ]
 [ 9484.455 ]
 [ 9027.705 ]
 [ 9263.163 ]
 [ 9108.389 ]
 [ 9068.373 ]
 [ 9770.095 ]
 [ 9124.825 ]
 [ 9738.017 ]
 [ 9018.564 ]
 [ 9098.972 ]
 [ 9483.925 ]
 [ 9189.396 ]
 [ 9425.474 ]
 [ 9127.571 ]
 [ 9034.383 ]
 [ 9646.1455]
 [ 9022.778 ]
 [ 9621.415 ]
 [ 8998.995 ]
 [ 9145.164 ]
 [ 9780.3545]
 [ 9073.705 ]
 [ 9308.159 ]
 [ 9095.772 ]
 [ 9081.2295]
 [ 9628.379 ]
 [ 9135.613 ]
 [ 9556.723 ]
 [ 9084.568 ]
 [10192.373 ]
 [10218.843 ]
 [10256.603 ]
 [ 9838.077 ]
 [10114.975 ]
 [10125.5   ]
 [10079.864 ]
 [10278.151 ]
 [10187.648 ]
 [10211.19  ]
 [10137.704 ]
 [10120.317 ]
 [10101.78  ]
 [10172.517 ]
 [10089.872 ]
 [10060.395 ]
 [10179.224 ]
 [10118.872 ]
 [10202.866 ]
 [10194.447 ]
 [10087.628 ]
 [10149.911 ]
 [10130.24  ]
 [10141.731 ]
 [10172.927 ]
 [10130.071 ]
 [10158.648 ]
 [10126.073 ]
 [10090.898 ]
 [10164.452 ]
 [10031.464 ]
 [10201.595 ]
 [10218.211 ]
 [10139.697 ]
 [10215.183 ]
 [10005.727 ]
 [10047.876 ]
 [10057.961 ]
 [10201.845 ]
 [10135.788 ]
 [ 9987.77  ]
 [10216.661 ]
 [10180.236 ]
 [10071.38  ]
 [10167.977 ]
 [10102.456 ]
 [10168.8125]
 [10074.715 ]
 [10011.358 ]
 [10216.851 ]
 [10006.466 ]
 [10193.315 ]
 [10163.249 ]
 [10016.006 ]
 [10180.603 ]
 [10051.511 ]
 [10320.569 ]
 [10178.264 ]
 [ 9890.148 ]
 [10177.16  ]
 [10059.918 ]
 [10312.621 ]
 [10092.427 ]
 [ 9940.447 ]
 [10186.71  ]
 [10108.313 ]
 [10327.865 ]
 [10053.071 ]
 [10209.491 ]
 [10108.131 ]
 [10078.433 ]
 [10278.646 ]]",-0.03757219389081001,9909.71484375,416.9629821777344
5,"[-0.00797734 -0.33999732 -0.2601212  -0.14343451 -0.29708496 -0.28166297
 -0.18254717 -0.1639919  -0.25682682 -0.08329802 -0.06919593 -0.09576481
  0.00326491 -0.01573458 -0.04881993 -0.08016899 -0.05121794 -0.06843038
 -0.0098906  -0.09217569 -0.06780343 -0.08327296 -0.16331263 -0.1365824
 -0.06627293 -0.20157422 -0.18582954 -0.15207669 -0.10746963 -0.19742192
 -0.06409439 -0.05740007 -0.14736165 -0.06533556 -0.20821649 -0.13533391
 -0.23178141 -0.24307092 -0.1705617  -0.20241891 -0.17164803 -0.1672764
 -0.16195613 -0.1643969  -0.18561903 -0.15481566 -0.21045616 -0.21159579
 -0.13909161 -0.15417932 -0.1636687  -0.14266184 -0.15341082 -0.17717616
 -0.14308314 -0.15245889 -0.13313608 -0.12025736 -0.16713071 -0.13139196
 -0.07073992 -0.15912008 -0.2504861  -0.12420252 -0.14091694 -0.05397447
 -0.13952765 -0.23469801 -0.12413    -0.2446525  -0.15022884 -0.16454016
  0.2141837   0.18756579  0.1159612   0.13179237  0.142725    0.09789135
  0.12332536  0.05226132  0.08549562  0.07834505  0.0800336   0.06825496
  0.0706929   0.06416158  0.07526133  0.03087242  0.15118441  0.13317712
  0.06836334  0.10108684  0.14679517  0.11536669  0.09300792  0.13321766
  0.06101364  0.13875285  0.08476174  0.06370469  0.11755344  0.16126324
  0.05830476  0.260887    0.04565518  0.0764873   0.10802342  0.12559113
  0.07741692  0.09872264  0.10629895  0.12661487  0.11743429  0.08982529
  0.09941287  0.10138083  0.08566424 -0.02624655  0.03620855  0.07109878
  0.04589541  0.21398748  0.04458009  0.0403707   0.1475988   0.07201771
  0.11461039  0.11037727  0.02587748  0.0990774   0.06648496  0.06744827
  0.07536666  0.06834319  0.06055765  0.06575049  0.03365901  0.02433385
  0.03196988  0.04211049  0.05002567  0.02175049  0.04127669  0.04575493
 -0.23705529 -0.21204546 -0.17534858 -0.16224858 -0.23500411 -0.22971268
 -0.21526101 -0.2668861  -0.1957765  -0.24034123 -0.25775146 -0.25600848
 -0.2601067  -0.2341869  -0.23008455 -0.26577243 -0.21875276 -0.25180748
 -0.25832793 -0.25207832 -0.24408422  0.04201214 -0.05812316 -0.14159594
 -0.20288818 -0.18516211 -0.22204049 -0.1743102  -0.17699383 -0.13022321
 -0.1318916  -0.2972907  -0.1915039  -0.18917502 -0.23019992 -0.28232336
 -0.31131443 -0.23825483 -0.24568205 -0.24691625 -0.29215685 -0.3290846
 -0.24408166 -0.34824792 -0.1802333  -0.29324847 -0.12334539 -0.16672938
 -0.28336272 -0.18548797 -0.38863564 -0.22140162 -0.33256832 -0.3487825
 -0.22445498 -0.2914037  -0.2854185  -0.20610519 -0.25170422 -0.2986218
 -0.3098909  -0.33514524 -0.31308848 -0.37359905 -0.30546907 -0.3632777
 -0.32481354 -0.22841094 -0.3112668  -0.28025782 -0.3147171  -0.3127379 ]","[[ 9320.761 ]
 [10499.812 ]
 [10267.    ]
 [ 9722.921 ]
 [10391.687 ]
 [10238.397 ]
 [10269.492 ]
 [ 9634.987 ]
 [10332.915 ]
 [ 9092.007 ]
 [ 9205.73  ]
 [ 9011.21  ]
 [ 9739.664 ]
 [ 9674.057 ]
 [ 9404.616 ]
 [ 9405.19  ]
 [ 9389.925 ]
 [ 9388.778 ]
 [ 9781.541 ]
 [ 9214.595 ]
 [ 9001.581 ]
 [ 9602.546 ]
 [10219.389 ]
 [ 9524.713 ]
 [ 9834.237 ]
 [ 9736.984 ]
 [10280.725 ]
 [ 9387.899 ]
 [10050.126 ]
 [ 9682.291 ]
 [ 9623.079 ]
 [ 9656.7   ]
 [ 9398.751 ]
 [ 9584.751 ]
 [10036.465 ]
 [ 9582.133 ]
 [10061.791 ]
 [ 9838.74  ]
 [ 9783.091 ]
 [10052.2705]
 [ 9613.382 ]
 [ 9975.934 ]
 [ 9913.033 ]
 [ 9646.012 ]
 [ 9668.138 ]
 [ 9551.85  ]
 [ 9975.848 ]
 [ 9868.464 ]
 [ 9479.505 ]
 [ 9590.849 ]
 [ 9592.804 ]
 [ 9824.933 ]
 [ 9768.828 ]
 [ 9639.819 ]
 [ 9576.307 ]
 [ 9662.322 ]
 [ 9839.95  ]
 [ 9936.744 ]
 [ 9718.683 ]
 [ 9478.834 ]
 [ 9510.343 ]
 [10135.836 ]
 [10124.527 ]
 [ 9542.424 ]
 [ 9605.514 ]
 [ 9385.245 ]
 [ 9917.739 ]
 [10119.091 ]
 [ 9502.634 ]
 [ 9960.536 ]
 [ 9594.2295]
 [ 9931.36  ]
 [10269.284 ]
 [10228.438 ]
 [10213.412 ]
 [10087.755 ]
 [10196.581 ]
 [10351.995 ]
 [10040.67  ]
 [10364.322 ]
 [10354.715 ]
 [10261.021 ]
 [10290.942 ]
 [10239.094 ]
 [10185.645 ]
 [10173.485 ]
 [10110.959 ]
 [10228.649 ]
 [10329.728 ]
 [ 9922.077 ]
 [10058.37  ]
 [10620.31  ]
 [10157.981 ]
 [10291.285 ]
 [10099.64  ]
 [10343.892 ]
 [10229.573 ]
 [10279.873 ]
 [10243.685 ]
 [ 9923.607 ]
 [ 9672.302 ]
 [ 8986.957 ]
 [ 9110.222 ]
 [ 9664.449 ]
 [ 9438.386 ]
 [ 9971.018 ]
 [10147.81  ]
 [ 9619.032 ]
 [10224.613 ]
 [ 9845.43  ]
 [ 9873.306 ]
 [ 9612.411 ]
 [ 9861.462 ]
 [10022.727 ]
 [ 9884.676 ]
 [ 9838.601 ]
 [ 9921.706 ]
 [10120.138 ]
 [ 9784.811 ]
 [10024.062 ]
 [ 9375.479 ]
 [ 9786.973 ]
 [10282.075 ]
 [ 9923.948 ]
 [ 9685.679 ]
 [ 9778.6   ]
 [ 9982.247 ]
 [10057.097 ]
 [10383.958 ]
 [10364.21  ]
 [10358.0625]
 [10202.298 ]
 [10029.022 ]
 [10205.988 ]
 [10052.714 ]
 [ 9927.42  ]
 [10323.767 ]
 [10148.869 ]
 [10303.551 ]
 [10091.89  ]
 [10113.304 ]
 [10112.196 ]
 [ 9943.181 ]
 [10222.993 ]
 [ 9795.964 ]
 [ 9748.599 ]
 [ 9756.791 ]
 [ 9783.916 ]
 [ 9747.372 ]
 [ 9811.326 ]
 [ 9734.86  ]
 [ 9959.242 ]
 [ 9939.052 ]
 [ 9875.04  ]
 [ 9777.582 ]
 [ 9744.154 ]
 [ 9746.169 ]
 [ 9710.867 ]
 [ 9751.3125]
 [ 9781.9375]
 [ 9797.83  ]
 [ 9762.04  ]
 [ 9853.913 ]
 [ 9813.625 ]
 [ 9798.264 ]
 [ 9052.987 ]
 [11466.058 ]
 [ 9772.189 ]
 [ 9752.141 ]
 [ 9562.363 ]
 [ 9705.249 ]
 [ 9558.248 ]
 [ 9609.532 ]
 [ 9573.333 ]
 [ 9802.036 ]
 [ 9997.302 ]
 [ 9445.149 ]
 [ 9591.53  ]
 [ 9610.802 ]
 [ 9719.12  ]
 [ 9730.463 ]
 [ 9707.415 ]
 [ 9669.399 ]
 [ 9640.309 ]
 [ 9688.472 ]
 [ 9776.982 ]
 [ 9742.575 ]
 [ 9836.691 ]
 [ 9663.937 ]
 [ 9675.638 ]
 [ 9418.695 ]
 [ 9633.534 ]
 [ 9750.931 ]
 [ 9970.556 ]
 [ 9766.362 ]
 [ 9638.582 ]
 [ 9815.46  ]
 [ 9804.226 ]
 [ 9491.86  ]
 [ 9663.109 ]
 [ 9622.646 ]
 [ 9645.63  ]
 [ 9601.377 ]
 [ 9770.725 ]
 [ 9663.897 ]
 [ 9821.956 ]
 [ 9827.431 ]
 [ 9920.297 ]
 [ 9796.268 ]
 [ 9991.981 ]
 [ 9740.589 ]
 [ 9676.715 ]
 [ 9908.543 ]
 [ 9852.454 ]
 [ 9886.887 ]
 [ 9810.362 ]]",0.10008835047483444,9844.8271484375,322.7325744628906
6,"[ 1.90352157e-01  1.75155029e-01  1.83514923e-01  1.12750039e-01
  1.93393260e-01  2.06510425e-01  1.76423192e-01  1.83084041e-01
  1.47921890e-01  2.07263038e-01  1.21695116e-01  2.14744523e-01
  1.33031726e-01  2.06720233e-01  1.59059793e-01  1.95962325e-01
  2.04856023e-01  2.05356285e-01  1.81465343e-01  1.86300933e-01
  1.88098893e-01  2.14314073e-01  1.87818840e-01  1.48375675e-01
  1.59094349e-01  1.63080290e-01  2.26261303e-01  1.46401435e-01
  2.17166662e-01  2.15187833e-01  1.07230090e-01  2.23987535e-01
  2.77691782e-01  2.45446637e-01  2.14995012e-01  1.80139646e-01
  2.55902052e-01  2.23136172e-01  2.38053262e-01  2.34753877e-01
  1.95106819e-01  2.32794181e-01  2.12485477e-01  1.98668823e-01
  8.06017295e-02  2.11333290e-01  2.17709661e-01  2.57700652e-01
  1.89960152e-01  2.71937221e-01  1.87912405e-01  2.09638640e-01
  2.16459215e-01  2.17792198e-01  2.73993552e-01  1.94389209e-01
  2.56024808e-01  2.12572351e-01  2.45669797e-01  1.90308899e-01
  2.49915659e-01  1.84260115e-01  1.53923064e-01  2.39856735e-01
  2.08461598e-01  2.61020511e-01  2.29972646e-01  2.07476646e-01
  2.19172776e-01  2.47248009e-01  2.40743890e-01  1.97543740e-01
 -3.45848709e-01 -3.45848709e-01 -3.45848709e-01 -3.45848709e-01
 -3.45848709e-01 -3.45848709e-01 -3.45848709e-01 -3.45848709e-01
 -3.45848709e-01 -3.45848709e-01 -3.45848709e-01 -3.45848709e-01
 -3.45848709e-01 -2.85437316e-01 -3.11415285e-01 -3.20381552e-01
 -3.11561197e-01 -3.06894720e-01 -3.45848709e-01 -3.45848709e-01
 -3.45848709e-01 -3.45848709e-01 -3.45848709e-01 -3.45848709e-01
 -3.45848709e-01 -3.45848709e-01 -3.45848709e-01 -3.45848709e-01
 -3.45848709e-01 -3.45848709e-01 -2.87335545e-01 -3.45848709e-01
 -3.45848709e-01 -3.45848709e-01 -3.45848709e-01 -3.45848709e-01
 -3.45848709e-01 -3.45848709e-01 -3.45848709e-01 -3.64696234e-01
 -3.45848709e-01 -3.25921625e-01 -3.02006334e-01 -3.45848709e-01
 -3.11805934e-01 -3.45848709e-01 -3.18915486e-01 -3.16488177e-01
 -3.45848709e-01 -3.45848709e-01 -3.45848709e-01 -3.45848709e-01
 -3.45848709e-01 -3.45848709e-01 -3.45848709e-01 -3.45848709e-01
 -3.45848709e-01 -3.45848709e-01 -3.45848709e-01 -3.45848709e-01
 -3.57976466e-01 -3.45848709e-01 -3.45848709e-01 -3.06035519e-01
 -3.45848709e-01 -3.18490803e-01 -3.45848709e-01 -3.45848709e-01
 -3.17376882e-01 -3.45848709e-01 -3.45848709e-01 -3.45848709e-01
  1.50772914e-01  2.60311276e-01  1.52039394e-01  2.66029537e-01
  1.75344035e-01  2.51003504e-01  1.51691154e-01  1.43283606e-01
  2.75425941e-01  2.34897032e-01  1.41615286e-01  2.68411130e-01
  1.57950759e-01  2.78929919e-01  1.35178894e-01  2.29541749e-01
  1.35749623e-01  2.38907203e-01  1.57485634e-01  1.42055273e-01
  2.47055575e-01  1.65415987e-01  2.90820152e-01  1.53134555e-01
  2.55537570e-01  1.76754698e-01  2.09845483e-01  1.56912416e-01
  1.78317860e-01  1.35012761e-01  2.82036304e-01  1.39890164e-01
  1.50193214e-01  1.81812495e-01  1.65508002e-01  1.08200297e-01
  1.47395119e-01  1.51236817e-01  1.36321306e-01  1.40835196e-01
  1.33536771e-01  1.45142660e-01  1.22137584e-01  1.21966586e-01
  1.37976408e-01  1.98338449e-01  1.40387565e-01  1.25249639e-01
  1.24554917e-01  1.74040288e-01  1.33644208e-01  1.81436807e-01
  1.76974058e-01  1.48783505e-01  1.67898014e-01  1.15061022e-01
  1.51863024e-01  1.20165348e-01  1.03688791e-01  1.32565334e-01
  1.83360979e-01  1.48337498e-01  5.94084263e-02  1.47861883e-01
  3.34486030e-02  1.45290330e-01  1.53539017e-01  1.38399765e-01
  1.14152148e-01  1.44371852e-01  1.28709421e-01  1.33291751e-01
 -1.09903246e-01 -3.14253271e-02 -1.44389067e-02 -8.63512047e-03
 -4.28793207e-02 -9.01157223e-03 -1.76235847e-03 -4.63323742e-02
 -1.19523719e-01 -5.52299768e-02 -4.65068892e-02 -8.47387090e-02
 -1.09497130e-01 -9.18213427e-02 -5.00273108e-02  3.89102697e-02
 -4.63360548e-02 -6.57836348e-02 -5.59720472e-02 -4.60769907e-02
 -7.86195546e-02 -4.02111262e-02 -7.07720369e-02 -9.65451077e-02
 -6.35644570e-02 -5.27205989e-02 -3.67848650e-02 -8.14192146e-02
  7.37719089e-02 -2.77117062e-02 -6.86005801e-02 -1.00850835e-01
 -7.17354864e-02 -5.15425056e-02 -5.09210452e-02 -2.77744774e-02
 -2.97168251e-02  3.21759284e-02  4.73712385e-03  1.30892675e-02
 -3.14142480e-02  9.85871442e-03 -1.03696566e-02  3.64267901e-02
 -8.61226842e-02 -7.31157660e-02 -3.18506137e-02  3.71255279e-02
  8.83594714e-03 -3.49448770e-02 -7.20095038e-02 -6.15305305e-02
 -1.00883409e-01 -8.63829777e-02 -1.43287797e-02 -4.77214009e-02
 -1.17307510e-02 -6.54207170e-02 -9.37812924e-02 -9.02382657e-02
 -3.13425362e-02  2.01374684e-02  1.36396196e-02 -4.23932821e-02
 -3.93291712e-02 -3.83603722e-02 -3.96426544e-02  4.68456931e-03
 -4.82587889e-02  1.68122258e-02  2.58347020e-04  2.67757494e-02
  2.75011268e-02  4.98930439e-02  6.74370229e-02  5.55244759e-02
  7.41178244e-02  3.91931050e-02  4.24342528e-02  4.12613004e-02
  6.99485540e-02  8.86126980e-02  1.17434956e-01  2.30514910e-02
  3.21748368e-02  6.59555122e-02  4.94946018e-02  5.16140312e-02
  7.97844455e-02  3.66329178e-02  1.00830466e-01  4.37251180e-02
  9.43954140e-02  4.52230722e-02  7.60706589e-02  2.67423261e-02
  3.37201282e-02  2.51829326e-02  6.36923239e-02  1.82254165e-02
  5.33444211e-02  2.24706773e-02  8.53625089e-02  4.33638394e-02
  2.80698165e-02  2.49294043e-02  3.03382296e-02  5.84104955e-02
  2.56132185e-02  4.82580736e-02  5.01997508e-02  2.12877411e-02
  3.36827897e-02  2.26596557e-02  2.24101786e-02  5.09820096e-02
  5.65181859e-03  4.23772745e-02  4.13439497e-02  1.35974195e-02
  6.47224188e-02  6.90473057e-03  6.35710582e-02  2.79319026e-02
  2.13108975e-02  5.11287637e-02  3.32899541e-02  7.67601877e-02
  2.90883090e-02  2.57015992e-02  6.49301782e-02  1.71400923e-02
  6.49170578e-02 -2.14005578e-02  4.34445776e-03  4.94902581e-02
  1.52989421e-02  7.82654434e-02  4.54592779e-02  1.23304259e-02
  6.06116727e-02  8.25777836e-03  7.09351972e-02  4.69421893e-02
 -1.79366484e-01 -1.84155330e-01 -2.52665997e-01 -1.87046707e-01
 -2.62027949e-01 -1.95453212e-01 -2.00957522e-01 -1.83857903e-01
 -1.96027949e-01 -2.01967582e-01 -2.01508746e-01 -2.41333947e-01
 -1.81599483e-01 -1.73789620e-01 -1.59292892e-01 -1.42631531e-01
 -1.54155701e-01 -2.16389924e-01 -1.99418232e-01 -2.11425737e-01
 -1.91089347e-01 -2.03693941e-01 -2.02553168e-01 -2.06398457e-01
 -1.88137934e-01 -1.95659205e-01 -1.93685636e-01 -1.77872628e-01
 -1.94207489e-01 -2.19565526e-01 -1.29831538e-01 -2.08628580e-01
 -1.84558675e-01 -1.99764565e-01 -2.26383403e-01 -1.83761120e-01
 -1.99464574e-01 -1.93028972e-01 -1.89331219e-01 -1.87826172e-01
 -1.94618195e-01 -1.70897052e-01 -2.08791345e-01 -1.93635955e-01
 -2.07661197e-01 -1.96176946e-01 -1.42226413e-01 -1.29268587e-01
 -1.99906826e-01 -2.33450040e-01 -1.96229726e-01 -1.89678252e-01
 -2.35432371e-01 -1.79030910e-01 -2.24408910e-01 -1.90609410e-01
 -2.02652186e-01 -2.32311204e-01 -2.09083334e-01 -2.22635314e-01
 -1.78701892e-01 -2.01917470e-01 -2.42052868e-01 -1.71127841e-01
 -1.94552049e-01 -1.40573293e-01 -2.01972410e-01 -2.60845095e-01
 -1.55214593e-01 -2.33873472e-01 -2.12849692e-01 -2.16067106e-01
  1.05085827e-01  1.05242833e-01  1.16232529e-01  1.00668788e-01
  8.56815130e-02  1.16406918e-01  1.08287558e-01  1.48150891e-01
  1.13187194e-01  1.29150987e-01  1.74025610e-01  8.93841162e-02
  1.16327770e-01  9.26437601e-02  1.10872492e-01  1.10613182e-01
  1.17233381e-01  9.14069861e-02  1.62745014e-01  1.06782243e-01
  1.01887837e-01  1.06001899e-01  1.34395212e-01  8.78840387e-02
  1.31528556e-01  1.10559642e-01  1.36401594e-01  1.12013511e-01
  1.52270332e-01  1.12710372e-01  1.65813178e-01  1.08127721e-01
  9.90258008e-02  9.84237865e-02  1.11086145e-01  1.41488448e-01
  1.14850491e-01  1.00400001e-01  1.03113100e-01  8.81119743e-02
  1.03104502e-01  9.31043327e-02  1.09248996e-01  1.71278462e-01
  1.07260771e-01  1.12708934e-01  1.16389893e-01  8.34258273e-02
  1.40081644e-01  9.85702425e-02  1.52559862e-01  1.29793674e-01
  8.88284445e-02  1.51468933e-01  9.90903303e-02  1.34870917e-01
  1.02579832e-01  9.36528891e-02  1.53745785e-01  9.12507474e-02
  1.15809351e-01  1.11176312e-01  9.41901878e-02  1.62581638e-01
  8.88991505e-02  1.32801563e-01  8.08479935e-02  6.59963116e-02
  1.04931422e-01  9.40278247e-02  1.43366441e-01  1.10713512e-01]","[[10298.237 ]
 [10360.752 ]
 [10400.144 ]
 [10362.825 ]
 [10325.27  ]
 [10231.574 ]
 [10376.178 ]
 [10416.708 ]
 [10004.011 ]
 [10331.609 ]
 [ 9908.003 ]
 [10235.6045]
 [10304.982 ]
 [10252.103 ]
 [10421.887 ]
 [10298.548 ]
 [10343.835 ]
 [10320.624 ]
 [10396.897 ]
 [10218.62  ]
 [10255.8   ]
 [10321.786 ]
 [10298.546 ]
 [10277.418 ]
 [10125.601 ]
 [10109.341 ]
 [10109.983 ]
 [ 9915.099 ]
 [10239.03  ]
 [10265.421 ]
 [10428.305 ]
 [10349.028 ]
 [10916.923 ]
 [10939.544 ]
 [10804.108 ]
 [10301.985 ]
 [10971.505 ]
 [10184.595 ]
 [10900.888 ]
 [10666.696 ]
 [10390.182 ]
 [10920.925 ]
 [10410.741 ]
 [10932.745 ]
 [10598.603 ]
 [11173.609 ]
 [10400.227 ]
 [10750.758 ]
 [10380.461 ]
 [11288.022 ]
 [10279.282 ]
 [11280.978 ]
 [10297.161 ]
 [10925.005 ]
 [11086.7295]
 [10239.551 ]
 [11461.018 ]
 [10275.148 ]
 [10802.413 ]
 [10363.454 ]
 [11155.728 ]
 [10391.47  ]
 [10362.7   ]
 [11090.457 ]
 [10336.319 ]
 [11366.207 ]
 [10285.353 ]
 [10270.169 ]
 [11107.217 ]
 [10181.949 ]
 [11289.461 ]
 [10398.512 ]
 [11092.911 ]
 [11092.911 ]
 [11092.911 ]
 [11092.911 ]
 [11092.911 ]
 [11092.911 ]
 [11092.911 ]
 [11092.911 ]
 [11092.911 ]
 [11092.911 ]
 [11092.911 ]
 [11092.911 ]
 [11092.911 ]
 [10853.893 ]
 [11130.974 ]
 [11000.847 ]
 [10927.996 ]
 [11045.198 ]
 [11092.911 ]
 [11092.911 ]
 [11092.911 ]
 [11092.911 ]
 [11092.911 ]
 [11092.911 ]
 [11092.911 ]
 [11092.911 ]
 [11092.911 ]
 [11092.911 ]
 [11092.911 ]
 [11092.911 ]
 [10859.493 ]
 [11092.911 ]
 [11092.911 ]
 [11092.911 ]
 [11092.911 ]
 [11092.911 ]
 [11092.911 ]
 [11092.911 ]
 [11092.911 ]
 [10920.088 ]
 [11092.911 ]
 [10903.388 ]
 [10997.3955]
 [11092.911 ]
 [11138.6   ]
 [11092.911 ]
 [10989.573 ]
 [10920.673 ]
 [11092.911 ]
 [11092.911 ]
 [11092.911 ]
 [11092.911 ]
 [11092.911 ]
 [11092.911 ]
 [11092.911 ]
 [11092.911 ]
 [11092.911 ]
 [11092.911 ]
 [11092.911 ]
 [11092.911 ]
 [10920.151 ]
 [11092.911 ]
 [11092.911 ]
 [10949.69  ]
 [11092.911 ]
 [11161.237 ]
 [11092.911 ]
 [11092.911 ]
 [10929.596 ]
 [11092.911 ]
 [11092.911 ]
 [11092.911 ]
 [ 9887.173 ]
 [10481.534 ]
 [ 9852.173 ]
 [10461.431 ]
 [ 9767.899 ]
 [10305.335 ]
 [ 9760.468 ]
 [ 9797.3125]
 [10064.958 ]
 [10231.02  ]
 [ 9863.116 ]
 [10330.894 ]
 [ 9740.734 ]
 [10605.854 ]
 [ 9870.353 ]
 [10231.674 ]
 [ 9788.187 ]
 [10481.686 ]
 [ 9740.97  ]
 [ 9814.013 ]
 [10158.829 ]
 [ 9785.37  ]
 [10504.841 ]
 [ 9761.124 ]
 [ 9901.3955]
 [ 9867.306 ]
 [ 9968.597 ]
 [ 9883.565 ]
 [10236.2705]
 [ 9825.576 ]
 [10342.2705]
 [ 9604.501 ]
 [ 9927.926 ]
 [ 9867.143 ]
 [ 9751.488 ]
 [10435.82  ]
 [ 9780.795 ]
 [ 9638.408 ]
 [ 9743.397 ]
 [ 9591.204 ]
 [ 9764.484 ]
 [ 9636.186 ]
 [ 9750.381 ]
 [ 9734.853 ]
 [ 9790.59  ]
 [ 9326.434 ]
 [ 9693.22  ]
 [ 9569.424 ]
 [ 9659.513 ]
 [ 9743.817 ]
 [ 9739.476 ]
 [ 9975.132 ]
 [ 9700.652 ]
 [ 9580.935 ]
 [ 9749.278 ]
 [ 9505.175 ]
 [ 9703.724 ]
 [ 9788.815 ]
 [ 9284.202 ]
 [ 9708.19  ]
 [ 9727.634 ]
 [ 9770.325 ]
 [ 9359.919 ]
 [ 9696.462 ]
 [ 9245.323 ]
 [ 9704.096 ]
 [ 9579.9795]
 [ 9738.001 ]
 [ 9649.483 ]
 [ 9708.374 ]
 [ 9615.377 ]
 [ 9734.584 ]
 [10325.808 ]
 [10084.347 ]
 [10328.122 ]
 [10090.266 ]
 [10447.15  ]
 [10020.048 ]
 [10299.937 ]
 [10342.697 ]
 [10194.555 ]
 [10017.056 ]
 [10001.237 ]
 [10131.561 ]
 [ 9963.102 ]
 [10302.905 ]
 [10125.638 ]
 [10266.611 ]
 [10236.947 ]
 [10091.294 ]
 [10223.482 ]
 [10206.663 ]
 [10029.435 ]
 [10324.186 ]
 [ 9918.343 ]
 [10196.54  ]
 [10077.157 ]
 [10139.168 ]
 [10030.826 ]
 [10312.79  ]
 [10296.989 ]
 [10140.153 ]
 [10121.951 ]
 [10244.322 ]
 [10090.341 ]
 [10336.352 ]
 [10011.618 ]
 [10148.372 ]
 [10062.382 ]
 [ 9892.374 ]
 [10342.811 ]
 [ 9852.388 ]
 [10088.624 ]
 [10123.969 ]
 [ 9923.545 ]
 [10235.047 ]
 [10237.713 ]
 [10062.45  ]
 [10153.745 ]
 [ 9978.407 ]
 [10429.268 ]
 [ 9965.34  ]
 [ 9956.3125]
 [10164.824 ]
 [10219.659 ]
 [10042.636 ]
 [ 9927.608 ]
 [10168.366 ]
 [10140.122 ]
 [ 9950.172 ]
 [ 9906.737 ]
 [10177.407 ]
 [10114.165 ]
 [ 9904.326 ]
 [ 9828.572 ]
 [10093.193 ]
 [ 9977.228 ]
 [10093.175 ]
 [10010.781 ]
 [ 9848.36  ]
 [10146.69  ]
 [ 9890.178 ]
 [10273.99  ]
 [10024.917 ]
 [ 9622.999 ]
 [ 9567.048 ]
 [ 9352.972 ]
 [ 9578.128 ]
 [ 9539.0205]
 [ 9619.05  ]
 [ 9695.628 ]
 [ 9546.626 ]
 [ 9614.399 ]
 [ 9655.191 ]
 [ 9739.63  ]
 [ 9352.831 ]
 [ 9615.983 ]
 [ 9489.581 ]
 [ 9544.645 ]
 [ 9500.071 ]
 [ 9697.585 ]
 [ 9286.855 ]
 [ 9625.255 ]
 [ 9546.308 ]
 [ 9771.45  ]
 [ 9616.6045]
 [ 9605.309 ]
 [ 9314.849 ]
 [ 9552.915 ]
 [ 9620.398 ]
 [ 9627.913 ]
 [ 9685.778 ]
 [ 9591.695 ]
 [ 9380.904 ]
 [ 9639.186 ]
 [ 9549.888 ]
 [ 9584.526 ]
 [ 9661.312 ]
 [ 9409.018 ]
 [ 9708.567 ]
 [ 9623.51  ]
 [ 9545.137 ]
 [ 9640.487 ]
 [ 9360.663 ]
 [ 9527.076 ]
 [ 9642.059 ]
 [ 9448.056 ]
 [ 9648.927 ]
 [ 9433.774 ]
 [ 9660.829 ]
 [ 9645.054 ]
 [ 9504.284 ]
 [ 9682.14  ]
 [ 9391.846 ]
 [ 9686.349 ]
 [ 9658.6045]
 [ 9409.1455]
 [ 9749.5205]
 [ 9399.162 ]
 [ 9731.471 ]
 [ 9587.281 ]
 [ 9329.253 ]
 [ 9695.331 ]
 [ 9372.961 ]
 [ 9660.368 ]
 [ 9702.302 ]
 [ 9486.425 ]
 [ 9685.624 ]
 [ 9320.076 ]
 [ 9777.544 ]
 [ 9596.338 ]
 [ 9436.05  ]
 [ 9753.491 ]
 [ 9388.4   ]
 [ 9720.52  ]
 [ 9644.293 ]
 [10142.985 ]
 [10141.7   ]
 [ 9849.665 ]
 [10195.083 ]
 [ 9925.818 ]
 [10140.405 ]
 [10121.763 ]
 [10097.226 ]
 [10143.309 ]
 [10068.036 ]
 [10105.041 ]
 [ 9830.539 ]
 [10075.876 ]
 [ 9790.335 ]
 [10149.643 ]
 [10013.2295]
 [10015.639 ]
 [ 9961.667 ]
 [10127.542 ]
 [ 9982.546 ]
 [10139.993 ]
 [ 9857.888 ]
 [10102.956 ]
 [ 9880.88  ]
 [10062.07  ]
 [10148.474 ]
 [ 9954.036 ]
 [10143.696 ]
 [10145.691 ]
 [ 9823.718 ]
 [10104.141 ]
 [10101.901 ]
 [10116.862 ]
 [10108.932 ]
 [ 9786.952 ]
 [10183.661 ]
 [10114.37  ]
 [10006.748 ]
 [10149.567 ]
 [ 9761.448 ]
 [10139.465 ]
 [10007.981 ]
 [ 9735.858 ]
 [10170.073 ]
 [ 9818.22  ]
 [10143.524 ]
 [10036.445 ]
 [ 9965.45  ]
 [10128.885 ]
 [ 9878.519 ]
 [10107.741 ]
 [10112.802 ]
 [ 9814.327 ]
 [10193.801 ]
 [ 9922.533 ]
 [10110.663 ]
 [10040.501 ]
 [ 9902.411 ]
 [10135.642 ]
 [ 9907.786 ]
 [10037.063 ]
 [10113.149 ]
 [ 9988.171 ]
 [10010.208 ]
 [ 9949.101 ]
 [10225.86  ]
 [10169.932 ]
 [ 9962.896 ]
 [ 9987.481 ]
 [ 9930.36  ]
 [10101.22  ]
 [10002.712 ]
 [ 9321.173 ]
 [ 9354.719 ]
 [ 9164.372 ]
 [ 9261.903 ]
 [ 9433.845 ]
 [ 9365.45  ]
 [ 9396.38  ]
 [ 9232.124 ]
 [ 9308.027 ]
 [ 9280.601 ]
 [ 9427.427 ]
 [ 9229.443 ]
 [ 9287.481 ]
 [ 9444.26  ]
 [ 9334.312 ]
 [ 9391.046 ]
 [ 9342.929 ]
 [ 9173.517 ]
 [ 9439.304 ]
 [ 9341.978 ]
 [ 9387.958 ]
 [ 9305.992 ]
 [ 9404.506 ]
 [ 9122.722 ]
 [ 9305.269 ]
 [ 9395.784 ]
 [ 9409.507 ]
 [ 9368.249 ]
 [ 9269.514 ]
 [ 9217.326 ]
 [ 9409.457 ]
 [ 9387.3125]
 [ 9374.903 ]
 [ 9356.81  ]
 [ 9168.943 ]
 [ 9324.847 ]
 [ 9390.963 ]
 [ 9337.884 ]
 [ 9402.194 ]
 [ 9203.341 ]
 [ 9283.893 ]
 [ 9501.496 ]
 [ 9165.926 ]
 [ 9330.14  ]
 [ 9145.833 ]
 [ 9345.399 ]
 [ 9235.113 ]
 [ 9175.741 ]
 [ 9223.411 ]
 [ 8986.438 ]
 [ 9268.657 ]
 [ 9323.367 ]
 [ 9125.595 ]
 [ 9309.6455]
 [ 9177.849 ]
 [ 9272.54  ]
 [ 9405.121 ]
 [ 8955.8545]
 [ 9322.559 ]
 [ 9096.522 ]
 [ 9319.407 ]
 [ 9323.751 ]
 [ 9163.712 ]
 [ 9245.092 ]
 [ 9130.274 ]
 [ 9318.844 ]
 [ 9430.923 ]
 [ 9180.51  ]
 [ 9261.606 ]
 [ 9056.947 ]
 [ 9386.679 ]
 [ 9366.665 ]]",0.006928622722625732,10060.9794921875,584.7821655273438
7,"[ 0.11958665  0.11617872  0.12536111  0.08997568  0.08551066  0.1256217
  0.12036847  0.14745356  0.13204275  0.14385033  0.13203616  0.130558
  0.12737243  0.14071839  0.12944072  0.13354684  0.13358341  0.11183572
  0.0802298   0.1233765   0.13080369  0.13241303  0.12338124  0.14971717
  0.14571795  0.13049662  0.12965979  0.14672992  0.14758603  0.14569809
  0.07694667  0.1278561   0.13116689  0.25974098  0.37228483  0.10898305
  0.16500373  0.14905645  0.09287474  0.17040806  0.07537068  0.16709499
  0.14364107  0.11846621  0.1553727   0.10706979  0.14411809  0.14391941
  0.11919066  0.20384805  0.12329689  0.15640637  0.13867353  0.11007172
  0.1676478   0.12570827  0.18463084  0.1486059   0.11952553  0.18382783
  0.20031397  0.18441111  0.1997783   0.09120029  0.13967536  0.16280015
  0.16091983  0.15606934  0.10259737  0.22273864  0.1618882   0.1753095
 -0.1454956  -0.10711582 -0.17870376 -0.13860095 -0.09683946 -0.16988857
 -0.18425767 -0.09714357 -0.15724902 -0.13818623 -0.15211232 -0.1726882
 -0.15860964 -0.12201162 -0.12462373 -0.12335879 -0.19914523 -0.16400774
 -0.11988352 -0.09494047 -0.14186676 -0.11881985 -0.1271791  -0.10426959
 -0.08042073 -0.15033129 -0.1363893  -0.14019302 -0.15612818 -0.11533567
 -0.12818898 -0.1700182  -0.12485905 -0.0881854  -0.1488846  -0.05218349
 -0.2870135  -0.27960396 -0.18407781 -0.2293831  -0.21162148 -0.16936271
 -0.16882983 -0.04897071 -0.14081216 -0.20429909 -0.17709257 -0.20997421
 -0.16777402 -0.19602643 -0.15480803 -0.1926423  -0.21542065 -0.19932255
 -0.1596016  -0.11589518 -0.09201778 -0.16403729 -0.08403252 -0.21873364
 -0.18422183 -0.1391092  -0.21248661 -0.16888916 -0.20910317 -0.17572714
 -0.119666   -0.19242369 -0.13671307 -0.15806423 -0.18652044 -0.21385674
  0.22329785  0.23057236  0.23210423  0.2321089   0.31196743  0.17365773
  0.16181378  0.15149415  0.1515305   0.14518224  0.14304219  0.14661516
  0.1419874   0.18784545  0.14127994  0.19064455  0.1803373   0.1503076
  0.14599197  0.13868013  0.15454003  0.13422836  0.14266604  0.14425454
  0.1396472   0.14153977  0.1478243   0.13871114  0.15109584  0.1490331
  0.18297508  0.16488174  0.16033898  0.14167853  0.14180808  0.09627189
  0.16475402  0.14259233  0.14112063  0.14892763  0.12081258  0.1796315
  0.15874626  0.15055378  0.15825494  0.12611207  0.18880753  0.19317211
  0.1517667   0.14653885  0.01855796  0.1548063   0.15761381  0.16481988
  0.15635984  0.13895053  0.16549417  0.13776186  0.16199106  0.16233866
  0.18919614  0.1619889   0.15693237  0.17480503  0.14726743  0.0836768
  0.16629001  0.131552    0.18723379  0.15554032 -0.00473959  0.17038839]","[[ 9994.634 ]
 [ 9995.101 ]
 [10004.678 ]
 [10035.422 ]
 [10082.845 ]
 [10006.591 ]
 [10002.081 ]
 [ 9911.988 ]
 [10015.216 ]
 [ 9983.852 ]
 [10005.421 ]
 [10073.415 ]
 [ 9867.38  ]
 [ 9948.951 ]
 [10011.907 ]
 [ 9954.44  ]
 [ 9929.672 ]
 [10021.889 ]
 [10161.187 ]
 [ 9867.191 ]
 [ 9980.737 ]
 [ 9972.054 ]
 [10009.074 ]
 [ 9949.694 ]
 [ 9902.702 ]
 [10076.801 ]
 [10054.468 ]
 [ 9911.99  ]
 [ 9852.93  ]
 [10009.691 ]
 [10073.522 ]
 [ 9975.931 ]
 [ 9923.372 ]
 [10362.631 ]
 [11141.133 ]
 [10043.691 ]
 [ 9904.529 ]
 [ 9944.708 ]
 [10113.415 ]
 [ 9862.074 ]
 [10291.339 ]
 [ 9955.791 ]
 [ 9900.479 ]
 [10076.85  ]
 [ 9909.712 ]
 [10223.204 ]
 [ 9934.161 ]
 [10026.803 ]
 [10228.332 ]
 [10455.264 ]
 [10041.669 ]
 [10325.119 ]
 [ 9781.253 ]
 [10047.46  ]
 [ 9809.344 ]
 [10286.673 ]
 [ 9701.643 ]
 [10010.491 ]
 [ 9978.849 ]
 [ 9858.63  ]
 [10166.347 ]
 [ 9484.772 ]
 [ 9771.12  ]
 [ 9620.904 ]
 [10009.702 ]
 [ 9678.237 ]
 [10125.383 ]
 [ 9587.519 ]
 [10493.644 ]
 [10115.841 ]
 [10173.823 ]
 [10156.136 ]
 [ 9955.727 ]
 [ 9820.229 ]
 [ 9864.222 ]
 [ 9794.554 ]
 [ 9948.567 ]
 [10000.792 ]
 [ 9974.1875]
 [ 9816.659 ]
 [10061.845 ]
 [10009.185 ]
 [ 9848.034 ]
 [ 9889.339 ]
 [10106.837 ]
 [ 9886.93  ]
 [ 9843.401 ]
 [ 9770.912 ]
 [ 9795.336 ]
 [ 9587.94  ]
 [ 9909.016 ]
 [ 9967.78  ]
 [ 9738.178 ]
 [ 9929.286 ]
 [ 9924.41  ]
 [ 9938.675 ]
 [ 9960.752 ]
 [ 9900.672 ]
 [ 9826.102 ]
 [10017.24  ]
 [ 9674.013 ]
 [ 9712.2   ]
 [ 9850.809 ]
 [10164.229 ]
 [ 9997.93  ]
 [ 9737.461 ]
 [10070.39  ]
 [ 9151.431 ]
 [ 9990.742 ]
 [10338.865 ]
 [ 9785.184 ]
 [10030.488 ]
 [10284.581 ]
 [ 9980.112 ]
 [ 9771.173 ]
 [ 9592.921 ]
 [ 9826.758 ]
 [10173.307 ]
 [ 9909.971 ]
 [10021.983 ]
 [10082.913 ]
 [10009.022 ]
 [ 9985.497 ]
 [ 9947.815 ]
 [ 9985.677 ]
 [ 9982.493 ]
 [ 9789.054 ]
 [ 9815.394 ]
 [ 9598.013 ]
 [ 9813.571 ]
 [ 9847.686 ]
 [10121.743 ]
 [10255.649 ]
 [ 9762.788 ]
 [10116.829 ]
 [ 9733.009 ]
 [ 9976.946 ]
 [ 9877.905 ]
 [ 9490.284 ]
 [ 9923.782 ]
 [ 9733.305 ]
 [ 9759.782 ]
 [10107.052 ]
 [10083.232 ]
 [ 9878.713 ]
 [ 9933.233 ]
 [ 9929.267 ]
 [ 9929.64  ]
 [10471.764 ]
 [ 9918.681 ]
 [ 9929.004 ]
 [ 9863.414 ]
 [ 9886.026 ]
 [ 9886.7705]
 [ 9799.341 ]
 [ 9932.937 ]
 [ 9890.584 ]
 [ 9755.435 ]
 [ 9736.2295]
 [ 9810.449 ]
 [ 9448.409 ]
 [ 9809.777 ]
 [ 9936.057 ]
 [ 9840.46  ]
 [ 9914.524 ]
 [ 9807.583 ]
 [ 9940.548 ]
 [ 9887.42  ]
 [ 9887.386 ]
 [ 9886.778 ]
 [ 9960.2   ]
 [ 9849.509 ]
 [ 9911.337 ]
 [ 9904.634 ]
 [ 9743.374 ]
 [ 9970.798 ]
 [ 9902.388 ]
 [ 9785.796 ]
 [ 9791.716 ]
 [ 9861.595 ]
 [ 9890.544 ]
 [ 9892.374 ]
 [ 9622.077 ]
 [ 9531.216 ]
 [10073.855 ]
 [ 9747.733 ]
 [ 9786.054 ]
 [ 9939.853 ]
 [ 9705.822 ]
 [ 9925.148 ]
 [ 9770.492 ]
 [ 9783.894 ]
 [ 9908.696 ]
 [ 9693.536 ]
 [ 9748.8545]
 [ 9889.955 ]
 [ 9927.505 ]
 [ 9923.344 ]
 [ 9832.304 ]
 [10032.676 ]
 [ 9926.077 ]
 [ 9867.416 ]
 [ 9905.949 ]
 [ 9815.302 ]
 [10087.282 ]
 [ 9913.04  ]
 [ 9927.138 ]
 [ 9866.963 ]
 [ 9747.308 ]
 [ 9838.178 ]
 [ 9897.084 ]
 [ 9826.908 ]
 [ 9814.956 ]
 [ 9627.473 ]
 [ 9474.327 ]
 [ 9947.606 ]]",-0.04771149531006813,9925.0791015625,195.7467041015625
8,"[ 0.19329683  0.1838962   0.11159815  0.1134664   0.18497746  0.16918656
  0.18319094  0.19380865  0.17845033  0.16104342  0.21248241  0.10320927
  0.15277925  0.19583057  0.19100092  0.16721383  0.17874186  0.11505973
  0.1755285   0.17875992  0.18371628  0.17359881  0.16150208  0.12613046
  0.13510843  0.17935374  0.17560165  0.17635764  0.17813723  0.15721136
  0.1551928   0.17622206  0.1725964   0.21162766  0.1160797   0.10858888
  0.16941541  0.19488712  0.21577485  0.11732706  0.08381847  0.18215777
  0.10764426  0.16963734  0.13016687  0.11751688  0.17415853  0.1524926
  0.1779881   0.11293958  0.11984604  0.15839905  0.09650779  0.1718403
  0.09734742  0.11278506  0.19129334  0.11514103  0.17263418  0.10809667
  0.12892756  0.18153757  0.15069102  0.1707799   0.12244776  0.1070856
  0.1905709   0.08685743  0.15527171  0.12118524  0.09989887  0.2033244
 -0.01726419 -0.02535521 -0.01892976 -0.03165265 -0.02665843 -0.02525767
  0.10664024  0.00741037  0.0121426   0.01712295  0.01645342  0.0223252
  0.02041665  0.0503411   0.0352298   0.0334247   0.04617984  0.04029936
  0.03016601  0.06305542  0.04261316  0.02497658  0.02462918  0.0342152
  0.02915977  0.02506804  0.01951774  0.02912431  0.02528667  0.04324216
  0.0862311   0.0178401   0.01967796  0.00679402  0.00602411  0.01757946
  0.00293613  0.00996296  0.00451432  0.01145105  0.01705006  0.05557208
  0.01476481  0.01304498  0.01960873  0.01104577  0.04104158  0.05819862
  0.00239153 -0.00131125  0.01623863  0.00195784  0.01278929  0.00429976
  0.02342528  0.05918936 -0.02385597  0.0306451   0.03094013  0.04034812
  0.06437971  0.02456512  0.02872694  0.0671078   0.03234507  0.04770666
  0.02075894  0.03968911  0.06336703  0.02999995  0.05793617  0.07944585
  0.07304936  0.10862479 -0.0548884   0.00634995  0.0170238   0.17198497
  0.19500741  0.07611653  0.09978997  0.06358088  0.12007531  0.02953322
  0.08586954  0.10477574  0.08520032  0.07063682  0.10529006 -0.01557525
  0.07935829  0.05093098  0.11681852  0.10273061  0.10489631  0.01390331
  0.06574192  0.08517929  0.08449199  0.09379889  0.1113193   0.00798659
  0.07029603  0.05275841  0.07717916  0.06330341  0.04280267  0.03508918
  0.07902953  0.10573435  0.12112582  0.03166919  0.00979023  0.09664501
  0.00780212  0.06502577  0.02358281 -0.02424536  0.07114173 -0.01192714
  0.05456685 -0.01320085  0.0045961   0.07988941  0.00283181  0.04025716
 -0.00441839  0.00678196  0.11177291  0.00703773  0.07485431  0.02526214
 -0.00996745  0.09780805  0.00628357  0.07607051  0.02160482 -0.03045594
  0.09605244 -0.00874858  0.09986249 -0.02729437 -0.0487868   0.09109276
 -0.00146147 -0.00387046 -0.05515449  0.00299161 -0.03383985 -0.0441978
 -0.03259627 -0.06935523 -0.03006157 -0.01049061 -0.00403706 -0.02118534
 -0.04690354 -0.04175013 -0.04582995 -0.00549655  0.01930641  0.01520489
 -0.03827411 -0.00991981  0.02987444 -0.01225371 -0.00318361 -0.02594544
 -0.03636866 -0.044337   -0.03713293 -0.06516975  0.02978477 -0.02569063
 -0.02739779 -0.02644019 -0.01448344  0.00262518 -0.06891852 -0.07912339
 -0.0569479  -0.0772671  -0.03893824 -0.05788875 -0.04750694 -0.09374769
 -0.05658729 -0.04553835 -0.06023533 -0.0884373  -0.04976958 -0.05291718
 -0.0867454  -0.00500602 -0.03304305 -0.06778644 -0.00252498  0.01395822
 -0.00544907 -0.05602261 -0.03718437 -0.01429069  0.0064862  -0.00468351
 -0.04131518 -0.0332006  -0.00135774 -0.01326203 -0.01107311 -0.05283982
 -0.04622251 -0.00216429 -0.00522353  0.07650571 -0.02986015 -0.04824615
  0.29414052  0.29414052  0.29414052  0.29414052  0.29414052  0.29414052
  0.29414052  0.29414052  0.29414052  0.29414052  0.29414052  0.29414052
  0.29414052  0.31876674  0.2551445   0.29532638  0.3048002   0.28235915
  0.29414052  0.29414052  0.29414052  0.29414052  0.29414052  0.29414052
  0.29414052  0.29414052  0.29414052  0.29414052  0.29414052  0.29414052
  0.31238937  0.29414052  0.29414052  0.29414052  0.29414052  0.29414052
  0.29414052  0.29414052  0.29414052  0.2667483   0.29414052  0.27899203
  0.27608788  0.29414052  0.25965592  0.29414052  0.2950929   0.3025632
  0.29414052  0.29414052  0.29414052  0.29414052  0.29414052  0.29414052
  0.29414052  0.29414052  0.29414052  0.29414052  0.29414052  0.29414052
  0.26194045  0.29414052  0.29414052  0.27862635  0.29414052  0.2518197
  0.29414052  0.29414052  0.30741596  0.29414052  0.29414052  0.29414052
 -0.00271787 -0.03724068 -0.12105954 -0.02919984 -0.03621021 -0.10565583
 -0.15251009  0.03298511 -0.12569113 -0.08255491 -0.02926992 -0.04328178
 -0.00190861  0.07493125 -0.07499079 -0.03540113 -0.08361743 -0.01593291
  0.01686374  0.11510399  0.1422665   0.09282959  0.03972398  0.03207821
  0.02567371  0.04010692  0.00818204  0.03620789  0.02870745  0.05774969
  0.03030302  0.05446832  0.0429854   0.0240444   0.00738064  0.01509077
 -0.02124104 -0.00957106 -0.00961515 -0.01517986  0.03259314 -0.0035202
  0.00725232  0.02739339  0.03178097 -0.03079429  0.00174187  0.03254923
  0.00552607  0.03927734 -0.01209265 -0.00120649  0.00865603  0.02594844
  0.06022698  0.00413767 -0.02812625  0.0301183   0.06390689  0.05446784
  0.01678451  0.03285502  0.03650169 -0.00098344  0.07190023  0.01948981
 -0.00610039  0.00858846 -0.00830935  0.05066472  0.03371568 -0.01268232
  0.04877926  0.04853124  0.02629171  0.02214841  0.00209656 -0.04381031
  0.00663931  0.05973022  0.05646311  0.01545307  0.02967293  0.04263696
  0.10019249  0.13132043  0.08166964  0.07215334  0.07518616  0.06006154
  0.09587495  0.10797376  0.09496702  0.08393724  0.07494273  0.10496884
  0.07462229  0.07834115  0.07507345  0.0498782   0.04485978  0.0593228
  0.08689755  0.15649587  0.14912997  0.11594078  0.11350448  0.08824451
  0.04504956  0.09966214  0.07116749  0.08879877  0.08144508  0.09452474
  0.09520927  0.06487374  0.1089596   0.06740887  0.0721003   0.07894326
  0.08795958  0.07060271  0.07135518  0.03909108  0.10028459  0.07440805
  0.06953569  0.07518579  0.04972292  0.07161726  0.10641162  0.13438953
  0.03786357  0.03063986  0.05863362  0.05329581  0.08727062  0.05923538
  0.06671776  0.086578    0.0151849   0.06311758  0.06858549  0.04736076]","[[ 9663.158 ]
 [ 9732.567 ]
 [ 9883.703 ]
 [ 9937.219 ]
 [ 9635.009 ]
 [ 9721.292 ]
 [ 9657.636 ]
 [ 9803.321 ]
 [ 9719.724 ]
 [ 9777.007 ]
 [ 9604.964 ]
 [10091.809 ]
 [ 9737.233 ]
 [ 9685.891 ]
 [ 9608.576 ]
 [ 9730.868 ]
 [ 9686.097 ]
 [ 9994.064 ]
 [ 9728.998 ]
 [ 9696.466 ]
 [ 9698.609 ]
 [ 9708.324 ]
 [ 9734.696 ]
 [ 9977.357 ]
 [ 9885.925 ]
 [ 9707.582 ]
 [ 9677.536 ]
 [ 9701.927 ]
 [ 9636.61  ]
 [ 9804.122 ]
 [ 9788.653 ]
 [ 9774.681 ]
 [ 9790.925 ]
 [ 9569.303 ]
 [ 9892.263 ]
 [ 9988.6455]
 [ 9669.822 ]
 [ 9573.126 ]
 [ 9474.903 ]
 [ 9866.536 ]
 [10019.745 ]
 [ 9561.356 ]
 [ 9905.035 ]
 [ 9742.844 ]
 [ 9946.853 ]
 [ 9934.998 ]
 [ 9617.591 ]
 [ 9789.949 ]
 [ 9714.288 ]
 [ 9949.071 ]
 [ 9919.451 ]
 [ 9618.522 ]
 [ 9968.324 ]
 [ 9724.175 ]
 [ 9938.026 ]
 [10017.968 ]
 [ 9634.422 ]
 [ 9933.692 ]
 [ 9743.025 ]
 [10021.344 ]
 [ 9959.935 ]
 [ 9680.673 ]
 [ 9852.836 ]
 [ 9682.5205]
 [ 9957.782 ]
 [ 9950.606 ]
 [ 9601.102 ]
 [10046.099 ]
 [ 9724.256 ]
 [ 9952.806 ]
 [ 9917.707 ]
 [ 9744.692 ]
 [ 9998.446 ]
 [ 9980.736 ]
 [10022.757 ]
 [10022.151 ]
 [ 9951.383 ]
 [ 9972.875 ]
 [10276.217 ]
 [ 9884.485 ]
 [ 9898.866 ]
 [ 9947.221 ]
 [ 9961.74  ]
 [ 9962.378 ]
 [10016.8545]
 [ 9816.302 ]
 [ 9868.095 ]
 [ 9790.436 ]
 [ 9830.077 ]
 [10037.235 ]
 [ 9997.176 ]
 [10001.953 ]
 [10007.431 ]
 [ 9963.932 ]
 [ 9972.167 ]
 [10024.18  ]
 [10005.873 ]
 [ 9962.982 ]
 [ 9936.67  ]
 [ 9988.131 ]
 [10008.334 ]
 [10063.761 ]
 [ 9861.175 ]
 [ 9950.163 ]
 [ 9985.332 ]
 [ 9922.726 ]
 [ 9911.1   ]
 [ 9988.142 ]
 [ 9934.4   ]
 [ 9942.591 ]
 [ 9929.849 ]
 [ 9896.872 ]
 [ 9984.155 ]
 [ 9734.375 ]
 [ 9901.858 ]
 [ 9956.753 ]
 [ 9903.589 ]
 [ 9958.688 ]
 [ 9787.067 ]
 [ 9925.291 ]
 [ 9960.791 ]
 [ 9903.247 ]
 [ 9965.937 ]
 [ 9923.377 ]
 [ 9969.03  ]
 [ 9947.628 ]
 [ 9959.59  ]
 [ 9934.096 ]
 [ 9759.907 ]
 [ 9975.487 ]
 [ 9967.545 ]
 [ 9995.323 ]
 [ 9963.658 ]
 [ 9942.71  ]
 [ 9994.731 ]
 [ 9824.764 ]
 [ 9960.271 ]
 [ 9934.6455]
 [ 9972.138 ]
 [10042.523 ]
 [ 9864.977 ]
 [ 9978.586 ]
 [10027.692 ]
 [10324.352 ]
 [ 9875.377 ]
 [ 9730.557 ]
 [10363.216 ]
 [ 9972.88  ]
 [ 9530.185 ]
 [ 9710.425 ]
 [ 9905.611 ]
 [ 9718.994 ]
 [ 9725.188 ]
 [ 9937.853 ]
 [ 9886.729 ]
 [10002.273 ]
 [ 9869.38  ]
 [ 9799.52  ]
 [ 9756.829 ]
 [ 9857.784 ]
 [ 9776.839 ]
 [10061.835 ]
 [ 9809.896 ]
 [ 9882.163 ]
 [ 9870.202 ]
 [ 9762.628 ]
 [ 9847.904 ]
 [10058.78  ]
 [ 9854.305 ]
 [ 9866.785 ]
 [ 9888.77  ]
 [ 9831.282 ]
 [ 9742.968 ]
 [10248.089 ]
 [ 9861.407 ]
 [ 9774.903 ]
 [ 9840.887 ]
 [ 9873.788 ]
 [ 9976.73  ]
 [10086.935 ]
 [ 9859.755 ]
 [ 9797.891 ]
 [ 9821.644 ]
 [ 9978.907 ]
 [10117.048 ]
 [ 9632.121 ]
 [10164.038 ]
 [ 9845.374 ]
 [10057.879 ]
 [10129.056 ]
 [ 9827.245 ]
 [10190.839 ]
 [ 9870.357 ]
 [10108.744 ]
 [10097.001 ]
 [ 9750.709 ]
 [10216.47  ]
 [ 9910.81  ]
 [10105.177 ]
 [10012.841 ]
 [ 9634.364 ]
 [10213.054 ]
 [ 9900.362 ]
 [10110.398 ]
 [10281.405 ]
 [ 9856.917 ]
 [10159.87  ]
 [10020.62  ]
 [10231.79  ]
 [10314.085 ]
 [ 9851.755 ]
 [10369.218 ]
 [ 9888.394 ]
 [10332.898 ]
 [10432.39  ]
 [ 9457.118 ]
 [ 9245.1875]
 [ 9223.341 ]
 [ 9450.451 ]
 [ 9121.157 ]
 [ 9265.419 ]
 [ 9270.266 ]
 [ 9377.908 ]
 [ 9704.514 ]
 [ 9277.846 ]
 [ 9266.293 ]
 [ 9222.521 ]
 [ 9180.917 ]
 [ 9305.652 ]
 [ 9375.705 ]
 [ 9441.506 ]
 [ 9224.485 ]
 [ 9110.438 ]
 [ 9117.488 ]
 [ 9451.423 ]
 [ 9257.566 ]
 [ 9186.365 ]
 [ 9261.018 ]
 [ 9305.299 ]
 [ 9341.271 ]
 [ 9292.028 ]
 [ 9553.982 ]
 [ 9393.92  ]
 [ 9551.527 ]
 [ 9054.93  ]
 [ 9331.331 ]
 [ 9343.573 ]
 [ 9362.702 ]
 [ 9265.833 ]
 [ 9218.935 ]
 [ 9562.531 ]
 [ 9568.89  ]
 [ 9370.462 ]
 [ 9559.147 ]
 [ 9363.439 ]
 [ 9454.6045]
 [ 9293.173 ]
 [ 9534.403 ]
 [ 9524.099 ]
 [ 9353.793 ]
 [ 9463.495 ]
 [ 9635.111 ]
 [ 9365.311 ]
 [ 9472.277 ]
 [ 9574.519 ]
 [ 9115.655 ]
 [ 9177.867 ]
 [ 9445.484 ]
 [ 9128.08  ]
 [ 8932.601 ]
 [ 9196.847 ]
 [ 9389.754 ]
 [ 9308.787 ]
 [ 9445.135 ]
 [ 9145.235 ]
 [ 9278.166 ]
 [ 9274.643 ]
 [ 9343.173 ]
 [ 9210.331 ]
 [ 9068.753 ]
 [ 9243.843 ]
 [ 9393.519 ]
 [ 9223.983 ]
 [ 9225.088 ]
 [ 9083.408 ]
 [ 8746.929 ]
 [ 9208.852 ]
 [ 9243.382 ]
 [ 9940.562 ]
 [ 9940.562 ]
 [ 9940.562 ]
 [ 9940.562 ]
 [ 9940.562 ]
 [ 9940.562 ]
 [ 9940.562 ]
 [ 9940.562 ]
 [ 9940.562 ]
 [ 9940.562 ]
 [ 9940.562 ]
 [ 9940.562 ]
 [ 9940.562 ]
 [ 9732.717 ]
 [ 9905.733 ]
 [ 9814.914 ]
 [ 9842.708 ]
 [10009.429 ]
 [ 9940.562 ]
 [ 9940.562 ]
 [ 9940.562 ]
 [ 9940.562 ]
 [ 9940.562 ]
 [ 9940.562 ]
 [ 9940.562 ]
 [ 9940.562 ]
 [ 9940.562 ]
 [ 9940.562 ]
 [ 9940.562 ]
 [ 9940.562 ]
 [ 9754.29  ]
 [ 9940.562 ]
 [ 9940.562 ]
 [ 9940.562 ]
 [ 9940.562 ]
 [ 9940.562 ]
 [ 9940.562 ]
 [ 9940.562 ]
 [ 9940.562 ]
 [ 9813.051 ]
 [ 9940.562 ]
 [ 9825.434 ]
 [ 9878.922 ]
 [ 9940.562 ]
 [ 9898.466 ]
 [ 9940.562 ]
 [ 9819.776 ]
 [ 9841.707 ]
 [ 9940.562 ]
 [ 9940.562 ]
 [ 9940.562 ]
 [ 9940.562 ]
 [ 9940.562 ]
 [ 9940.562 ]
 [ 9940.562 ]
 [ 9940.562 ]
 [ 9940.562 ]
 [ 9940.562 ]
 [ 9940.562 ]
 [ 9940.562 ]
 [ 9858.249 ]
 [ 9940.562 ]
 [ 9940.562 ]
 [ 9887.393 ]
 [ 9940.562 ]
 [ 9917.206 ]
 [ 9940.562 ]
 [ 9940.562 ]
 [ 9852.136 ]
 [ 9940.562 ]
 [ 9940.562 ]
 [ 9940.562 ]
 [ 9092.502 ]
 [ 9367.295 ]
 [ 9729.571 ]
 [ 9382.751 ]
 [ 9612.127 ]
 [10019.275 ]
 [ 9956.167 ]
 [ 9587.349 ]
 [ 9841.641 ]
 [ 9862.136 ]
 [ 9597.662 ]
 [ 9785.327 ]
 [ 9512.319 ]
 [ 9438.999 ]
 [ 9665.885 ]
 [ 9915.0205]
 [10024.762 ]
 [ 9551.822 ]
 [ 9473.132 ]
 [ 9229.436 ]
 [ 9407.202 ]
 [ 9424.932 ]
 [ 9713.491 ]
 [ 9679.897 ]
 [ 9536.425 ]
 [ 9483.302 ]
 [ 9673.429 ]
 [ 9570.824 ]
 [ 9480.476 ]
 [ 9288.938 ]
 [ 9422.207 ]
 [ 9565.706 ]
 [ 9605.801 ]
 [ 9619.149 ]
 [ 9738.487 ]
 [ 9742.644 ]
 [ 9731.7   ]
 [ 9822.916 ]
 [ 9833.886 ]
 [ 9867.85  ]
 [ 9405.73  ]
 [ 9537.938 ]
 [ 9646.913 ]
 [ 9532.94  ]
 [ 9502.333 ]
 [ 9678.37  ]
 [ 9546.626 ]
 [ 9528.15  ]
 [ 9520.339 ]
 [ 9565.003 ]
 [ 9627.779 ]
 [ 9551.746 ]
 [ 9709.87  ]
 [ 9494.324 ]
 [ 9384.153 ]
 [ 9545.871 ]
 [ 9597.875 ]
 [10006.524 ]
 [ 9669.113 ]
 [10096.083 ]
 [ 9758.31  ]
 [ 9640.119 ]
 [10120.606 ]
 [10026.344 ]
 [ 9392.451 ]
 [ 9591.683 ]
 [ 9497.929 ]
 [ 9774.953 ]
 [ 9921.103 ]
 [ 9524.181 ]
 [ 9530.856 ]
 [ 9645.849 ]
 [10914.383 ]
 [10642.044 ]
 [10796.761 ]
 [11001.201 ]
 [10991.361 ]
 [11142.63  ]
 [10996.014 ]
 [11056.946 ]
 [10981.556 ]
 [11141.534 ]
 [11091.747 ]
 [10932.723 ]
 [10707.531 ]
 [10746.903 ]
 [10730.711 ]
 [10770.86  ]
 [10776.828 ]
 [10861.883 ]
 [10758.739 ]
 [10808.467 ]
 [10812.591 ]
 [10943.202 ]
 [10935.303 ]
 [10888.974 ]
 [10986.513 ]
 [11061.411 ]
 [10914.73  ]
 [10970.913 ]
 [10933.063 ]
 [10985.598 ]
 [10798.595 ]
 [10546.253 ]
 [10375.584 ]
 [10719.354 ]
 [10879.544 ]
 [10679.232 ]
 [10959.838 ]
 [10787.811 ]
 [10998.653 ]
 [10883.627 ]
 [10780.91  ]
 [10930.225 ]
 [10868.433 ]
 [10695.1455]
 [10877.355 ]
 [10912.052 ]
 [10904.058 ]
 [10981.278 ]
 [10813.97  ]
 [10853.437 ]
 [10922.482 ]
 [10948.904 ]
 [10903.151 ]
 [10913.8   ]
 [10830.041 ]
 [10840.976 ]
 [10873.828 ]
 [10767.013 ]
 [10781.028 ]
 [10913.277 ]
 [10994.32  ]
 [11046.706 ]
 [11022.717 ]
 [11124.904 ]
 [10914.231 ]
 [10995.716 ]
 [10862.681 ]
 [10837.12  ]
 [11096.61  ]
 [10889.896 ]
 [10999.663 ]
 [11020.269 ]]",-0.08202797919511795,9920.021484375,474.0296936035156
9,"[ 0.04603583  0.08819489  0.07647517  0.08415608  0.06384905  0.03597177
  0.06256583 -0.04218268  0.04926944  0.05514374  0.06217355  0.05175047
  0.02435075  0.00739699 -0.00699881 -0.00580577 -0.02104593  0.00379924
 -0.01569759 -0.03122895  0.05233512  0.05758138  0.05537533  0.04921481
  0.04206201  0.00629708  0.02821346  0.03946029  0.06153943  0.03292601
  0.04335252  0.05385439  0.01272864  0.02838563  0.01388024  0.02516504
  0.03099636  0.01613508  0.01496167  0.0042838   0.00459227  0.01427788
  0.00476377 -0.01809171  0.03079171 -0.0085421   0.00702062  0.02298968
  0.00572457  0.02530295 -0.01556104  0.02578084  0.01248199 -0.00905179
  0.04089982  0.03247138  0.00420918 -0.06670415  0.05805963  0.06010926
  0.04304513  0.02363008  0.08107773  0.0324775   0.07295225  0.04007229
  0.02817781  0.06848188 -0.00069256  0.07601446  0.0445375   0.05052388
  0.09345267  0.16944121  0.19867508  0.14840981  0.14587864  0.17903729
  0.12879786  0.07210327  0.19016318  0.19084676  0.23086198  0.18400122
  0.1839952  -0.03491445  0.0443572   0.00298864  0.02526476  0.0918911
 -0.0115951   0.02281257  0.16286606  0.19071169  0.17471404  0.15152678
  0.06804153  0.00128955  0.03940958  0.0007855  -0.00279548 -0.0280976
 -0.05278799  0.0051412   0.04565179  0.06752597  0.0595424   0.0273144
  0.01742457  0.03086297  0.04371251  0.03403945 -0.04613568 -0.05658455
  0.05089973 -0.03245458  0.03061457 -0.02884266 -0.03431916  0.03221209
 -0.02657603  0.00771161  0.00604931 -0.04140131  0.07932244  0.01214755
 -0.01928721 -0.01608948 -0.05169463 -0.0291689   0.04175661  0.16005568
  0.11247087  0.07381701  0.17661892  0.05191855  0.14001644  0.0671788
  0.06931721  0.19993238  0.08239334  0.15671988  0.08783956  0.05809283
  0.16335134  0.32211742  0.3116977   0.2560988   0.29884976  0.3114095
  0.35367236  0.32086876  0.34300482  0.2750695   0.26975083  0.2820317
  0.23715518  0.06385337  0.28575358  0.30556974  0.16456126  0.16541384
  0.18565622  0.15956642  0.19202782  0.20446545  0.21336345  0.19112992
  0.16560635  0.24934445  0.17102835  0.17075635  0.1890171   0.14923757
  0.10489765  0.2499362   0.15504362  0.14006661  0.15415473  0.14189729
  0.11034235  0.1528124   0.17062555  0.1409573   0.11367218  0.09162261
  0.068956    0.09013732  0.15711412  0.07211153  0.08025441  0.14849459
  0.1007521   0.17884023  0.0928905   0.10122076  0.04680123  0.09918253
  0.14060372  0.05126061  0.09316315  0.12998532  0.11440477  0.22912712
  0.13432899  0.09021047  0.15283386  0.1110722   0.158638    0.11681827
  0.1425706   0.18391815  0.1326113   0.13632132  0.09835312  0.08371694
  0.15746532  0.1520981   0.13960014  0.1408414   0.15715724  0.22817986
  0.1336264   0.0698237   0.13763136  0.12856641  0.11122259  0.11809986
  0.11667794  0.17352878  0.18351291  0.17729156  0.1920443   0.19136141
  0.18021394  0.17022492  0.15984935  0.16349415  0.15916419  0.14504035
  0.12572567  0.15245764  0.16285333  0.14388153  0.17014049  0.21311568
  0.13903862  0.16592939  0.10527724  0.18343136  0.18815567  0.19176568
  0.16212732  0.19129175  0.21172442  0.16448857  0.17079791  0.1796465
  0.19973852  0.18408725  0.1676238   0.12575512  0.16353516  0.17026125
  0.16750155  0.14613023  0.15770586  0.11798368  0.17329468  0.12623648
  0.15446024  0.13472688  0.1339073   0.22109349  0.21690479  0.12436681
  0.11220668  0.08059864  0.0842531   0.09687266  0.04119405  0.04513179
  0.08159472  0.14127325  0.12553948  0.14291783  0.06850641  0.07243798]","[[ 9606.319 ]
 [ 9500.961 ]
 [ 9590.0205]
 [ 9501.907 ]
 [ 9463.2295]
 [ 9485.112 ]
 [ 9441.6045]
 [ 9650.029 ]
 [ 9397.904 ]
 [ 9408.534 ]
 [ 9443.166 ]
 [ 9457.889 ]
 [ 9355.813 ]
 [ 9357.199 ]
 [ 9402.665 ]
 [ 9429.567 ]
 [ 9456.035 ]
 [ 9521.358 ]
 [ 9430.575 ]
 [ 9524.253 ]
 [ 9485.247 ]
 [ 9460.844 ]
 [ 9450.932 ]
 [ 9438.338 ]
 [ 9409.118 ]
 [ 9743.556 ]
 [ 9547.546 ]
 [ 9590.06  ]
 [ 9394.713 ]
 [ 9409.094 ]
 [ 9409.545 ]
 [ 9520.162 ]
 [ 9381.033 ]
 [ 9480.732 ]
 [ 9564.3955]
 [ 9521.336 ]
 [ 9580.269 ]
 [ 9543.868 ]
 [ 9468.03  ]
 [ 9451.364 ]
 [ 9496.71  ]
 [ 9563.555 ]
 [ 9518.541 ]
 [ 9452.383 ]
 [ 9528.661 ]
 [ 9426.032 ]
 [ 9505.364 ]
 [ 9522.435 ]
 [ 9439.312 ]
 [ 9576.944 ]
 [ 9350.32  ]
 [ 9568.138 ]
 [ 9633.308 ]
 [ 9380.882 ]
 [ 9598.808 ]
 [ 9580.458 ]
 [ 9493.802 ]
 [ 9456.979 ]
 [ 9473.864 ]
 [ 9380.767 ]
 [ 9474.077 ]
 [ 9376.595 ]
 [ 9601.51  ]
 [ 9396.357 ]
 [ 9545.547 ]
 [ 9349.651 ]
 [ 9478.884 ]
 [ 9516.891 ]
 [ 9247.027 ]
 [ 9540.917 ]
 [ 9384.358 ]
 [ 9522.586 ]
 [ 8938.397 ]
 [ 9127.628 ]
 [ 9086.468 ]
 [ 8980.39  ]
 [ 9003.505 ]
 [ 9190.02  ]
 [ 9029.766 ]
 [ 9030.155 ]
 [ 9212.791 ]
 [ 9160.347 ]
 [ 9236.363 ]
 [ 9014.192 ]
 [ 8941.392 ]
 [ 9147.894 ]
 [ 9326.619 ]
 [ 9226.353 ]
 [ 9130.128 ]
 [ 9366.118 ]
 [ 8806.043 ]
 [ 9487.048 ]
 [ 9212.64  ]
 [ 9323.172 ]
 [ 9040.242 ]
 [ 9068.845 ]
 [ 8599.742 ]
 [ 9226.241 ]
 [ 9257.656 ]
 [ 9145.671 ]
 [ 9198.926 ]
 [ 9093.712 ]
 [ 8830.31  ]
 [ 9111.815 ]
 [ 9350.603 ]
 [ 9278.427 ]
 [ 9181.348 ]
 [ 9186.79  ]
 [ 9109.267 ]
 [ 9141.3955]
 [ 9244.302 ]
 [ 8954.598 ]
 [ 8629.795 ]
 [ 8439.792 ]
 [ 9201.797 ]
 [ 8831.728 ]
 [ 9092.375 ]
 [ 8779.665 ]
 [ 8726.805 ]
 [ 9271.416 ]
 [ 8814.061 ]
 [ 9147.214 ]
 [ 8987.025 ]
 [ 8735.949 ]
 [ 9281.121 ]
 [ 9008.839 ]
 [ 9105.041 ]
 [ 8834.442 ]
 [ 8547.899 ]
 [ 9076.355 ]
 [ 8771.823 ]
 [ 9216.087 ]
 [ 8994.237 ]
 [ 8648.499 ]
 [ 9311.401 ]
 [ 8368.249 ]
 [ 9083.002 ]
 [ 8618.472 ]
 [ 8591.038 ]
 [ 9059.343 ]
 [ 8690.34  ]
 [ 9076.967 ]
 [ 8707.874 ]
 [ 8438.621 ]
 [ 9088.478 ]
 [ 9464.467 ]
 [ 9494.604 ]
 [ 9352.838 ]
 [ 9270.036 ]
 [ 9522.458 ]
 [ 9777.737 ]
 [ 9466.861 ]
 [ 9728.769 ]
 [ 9483.612 ]
 [ 9469.527 ]
 [ 9496.497 ]
 [ 9079.2705]
 [ 9460.569 ]
 [ 9850.431 ]
 [ 9473.048 ]
 [ 9514.3   ]
 [ 9462.099 ]
 [ 9468.175 ]
 [ 9404.134 ]
 [ 9549.481 ]
 [ 9632.095 ]
 [ 9550.604 ]
 [ 9415.15  ]
 [ 9219.933 ]
 [ 9836.131 ]
 [ 9610.813 ]
 [ 9512.265 ]
 [ 9546.278 ]
 [ 9586.698 ]
 [ 9228.255 ]
 [ 9726.214 ]
 [ 9551.08  ]
 [ 9568.812 ]
 [ 9626.892 ]
 [ 9518.278 ]
 [ 9346.222 ]
 [ 9541.39  ]
 [ 9605.808 ]
 [ 9333.896 ]
 [ 8980.459 ]
 [ 9089.035 ]
 [ 9108.719 ]
 [ 8879.399 ]
 [ 9631.866 ]
 [ 8968.667 ]
 [ 8886.98  ]
 [ 9399.656 ]
 [ 9044.753 ]
 [ 9570.365 ]
 [ 8988.533 ]
 [ 8748.536 ]
 [ 8910.983 ]
 [ 8971.069 ]
 [ 9521.167 ]
 [ 8898.351 ]
 [ 8706.6455]
 [ 9445.125 ]
 [ 9243.961 ]
 [ 9904.524 ]
 [ 9433.845 ]
 [ 9102.563 ]
 [ 9485.905 ]
 [ 9023.052 ]
 [ 9537.148 ]
 [ 9057.64  ]
 [ 9248.505 ]
 [ 9545.093 ]
 [ 9122.138 ]
 [ 9307.148 ]
 [ 8654.922 ]
 [ 8902.306 ]
 [10173.34  ]
 [10372.112 ]
 [10208.52  ]
 [10217.313 ]
 [10260.631 ]
 [10285.71  ]
 [10181.424 ]
 [10115.1455]
 [10227.942 ]
 [10139.588 ]
 [10036.522 ]
 [10048.058 ]
 [ 9912.5205]
 [ 9794.287 ]
 [ 9840.388 ]
 [ 9912.295 ]
 [ 9864.712 ]
 [ 9994.876 ]
 [ 9867.34  ]
 [10081.945 ]
 [ 9896.615 ]
 [10045.35  ]
 [ 9965.456 ]
 [ 9872.507 ]
 [ 9552.482 ]
 [ 9957.556 ]
 [ 9894.695 ]
 [ 9819.331 ]
 [ 9817.923 ]
 [ 9972.452 ]
 [ 9628.242 ]
 [ 9941.168 ]
 [ 9554.863 ]
 [ 9830.826 ]
 [ 9892.713 ]
 [ 9754.916 ]
 [ 9626.353 ]
 [ 9780.339 ]
 [ 9752.14  ]
 [ 9903.684 ]
 [ 9695.753 ]
 [ 9699.36  ]
 [ 9641.533 ]
 [ 9536.886 ]
 [ 9733.277 ]
 [ 9360.232 ]
 [ 9446.492 ]
 [ 9695.14  ]
 [ 9675.375 ]
 [ 9871.062 ]
 [ 9595.63  ]
 [ 9542.06  ]
 [ 9732.573 ]
 [ 9533.981 ]
 [ 9677.638 ]
 [ 9557.249 ]
 [ 9602.549 ]
 [ 9608.802 ]
 [ 9313.412 ]
 [10096.174 ]
 [ 9890.279 ]
 [ 9713.918 ]
 [ 9724.932 ]
 [ 9755.357 ]
 [ 9842.878 ]
 [ 9741.901 ]
 [ 9666.768 ]
 [10052.495 ]
 [ 9709.039 ]
 [10142.658 ]
 [ 9804.026 ]
 [ 9674.383 ]]",-0.10269853472709656,9420.9091796875,371.0069885253906
10,"[ 0.12858519  0.10064361  0.17267089  0.17916995  0.1424532   0.12514131
  0.11865143  0.14879248  0.15295698  0.15640222  0.16201195  0.19973639
  0.09312928  0.16287221  0.15305707  0.16695482  0.1495187   0.17846008
  0.11174546  0.1784405   0.15341944  0.17097172  0.15823102  0.1789651
  0.11796588  0.15462415  0.15988792  0.16231872  0.16455531  0.18285204
  0.15845746  0.16212615  0.15673803  0.17226095  0.1924796   0.15589438
  0.15891849  0.17465267  0.19960709  0.20423315  0.15127209  0.15655555
  0.18854113  0.12932122  0.21468417  0.16284703  0.18394224  0.18858199
  0.16202278  0.20078017  0.17812456  0.1533203   0.20386942  0.14098674
  0.20981108  0.1830362   0.16811693  0.19353923  0.13318785  0.18924466
  0.17591268  0.14694597  0.23144132  0.13096906  0.22440283  0.16563383
  0.18400136  0.18528678  0.14797825  0.21769193  0.16935563  0.16797175
  0.07997793  0.06680347  0.02887576  0.05874202  0.0778838   0.02904679
  0.02890711  0.09034085  0.02871804  0.05485872  0.0529177   0.06701846
  0.0700279   0.07710619  0.03533572  0.05495799  0.03757283  0.08445613
  0.07144576  0.15461102  0.01373916  0.05794809  0.02132999  0.07275546
  0.09316022 -0.00565745  0.0166736   0.0704667   0.03159139  0.07429241
  0.04926309  0.09547371  0.10057194  0.08941673  0.05200315  0.09317672
  0.10768626  0.05131336  0.05482844  0.0579752   0.10312837  0.08907618
  0.02405977  0.0859004   0.05941827  0.04325294  0.09265672  0.02475511
  0.06057341  0.07083735  0.04660647  0.10016114  0.03222942  0.0742498
  0.0631115   0.02377072  0.08995351  0.0666571   0.0417657   0.05778412
  0.04790574  0.09428063  0.01467087  0.06506065  0.07359457  0.06766447
  0.11433668  0.03233136  0.04618303  0.06209426  0.07805451  0.09230147
  0.1305186   0.1370742   0.11413507  0.12912028  0.14969017  0.07548371
  0.10515255  0.2052972   0.08945996  0.12409438  0.10508661  0.12184495
  0.14493142  0.10519826  0.14722943  0.15713608  0.12676765  0.15557154
  0.16989738  0.17699203  0.11648843  0.14144945  0.1335544   0.14929894
  0.1699488   0.16248484  0.13822138  0.1376672   0.16229688  0.12688373
  0.15650168  0.15853603  0.16962586  0.14928943  0.16173355  0.1688603
  0.1643122   0.13412702  0.13557017  0.13273308  0.17051661  0.1497352
  0.12003408  0.16621311  0.15871245  0.18442577  0.16238897  0.10423495
  0.23070507  0.16506334  0.16694644  0.13732822  0.12361552  0.16832235
  0.16796963  0.17306088  0.1533102   0.14844549  0.17264691  0.13742863
  0.16162339  0.16862302  0.13945408  0.16236506  0.16181499  0.16092147
  0.1461743   0.13339938  0.10831702  0.15806802  0.1777335   0.16975869
  0.16550581  0.12509562  0.1645371   0.18735085  0.23702028  0.13955884
  0.16447207  0.19726427  0.13881078  0.15077662  0.17266694  0.1692866
  0.23242296  0.20599414  0.15757434  0.15512452  0.20271654  0.19096276
  0.21424289  0.20248988  0.1453869   0.14555533  0.17318013  0.19690573
  0.21554883  0.23557718  0.21270962  0.17382176  0.20095022  0.12915005
  0.22515394  0.23360993  0.19471316  0.22697982  0.18018371  0.23107682
  0.21375422  0.20358619  0.16075975  0.21470714  0.25828284  0.23554358
  0.18289934  0.21597916  0.21635406  0.23455952  0.24230407  0.18040267
  0.1841523   0.18158618  0.17636444  0.20421875  0.13057612  0.17480592
  0.19184326  0.16492613  0.222732    0.1041595   0.23370968  0.1598691
  0.19679603  0.23996423  0.1315516   0.20447737  0.17316838  0.2260325
  0.23529832  0.12049391  0.20314015  0.18800928  0.23117477  0.22257672]","[[ 9926.003 ]
 [10004.37  ]
 [ 9988.116 ]
 [10128.774 ]
 [10196.643 ]
 [10125.175 ]
 [10131.158 ]
 [10249.35  ]
 [10164.912 ]
 [10082.459 ]
 [ 9942.993 ]
 [10067.357 ]
 [10260.641 ]
 [10168.032 ]
 [10128.782 ]
 [10192.737 ]
 [10109.527 ]
 [10005.529 ]
 [10220.298 ]
 [10286.187 ]
 [10086.764 ]
 [10075.279 ]
 [10041.681 ]
 [ 9923.671 ]
 [10344.69  ]
 [10055.958 ]
 [10169.389 ]
 [10090.778 ]
 [10139.733 ]
 [10150.153 ]
 [ 9968.915 ]
 [10120.894 ]
 [10143.936 ]
 [10164.86  ]
 [ 9951.42  ]
 [10201.9795]
 [10219.375 ]
 [10035.118 ]
 [10236.498 ]
 [ 9872.394 ]
 [10180.888 ]
 [10171.253 ]
 [10050.489 ]
 [10230.464 ]
 [10122.614 ]
 [10095.84  ]
 [10365.54  ]
 [10123.565 ]
 [10075.455 ]
 [10028.043 ]
 [10198.03  ]
 [10114.828 ]
 [ 9941.913 ]
 [10167.473 ]
 [ 9879.955 ]
 [10145.987 ]
 [10125.202 ]
 [10035.27  ]
 [10264.503 ]
 [ 9823.435 ]
 [10225.751 ]
 [ 9961.356 ]
 [ 9882.374 ]
 [10125.245 ]
 [ 9913.804 ]
 [10222.301 ]
 [10009.778 ]
 [ 9833.486 ]
 [10074.094 ]
 [ 9880.261 ]
 [10222.869 ]
 [10112.1455]
 [10148.015 ]
 [10211.047 ]
 [10132.032 ]
 [10102.775 ]
 [ 9918.815 ]
 [10198.935 ]
 [10145.435 ]
 [10320.933 ]
 [10159.536 ]
 [10105.268 ]
 [10142.19  ]
 [10060.803 ]
 [10227.566 ]
 [10154.401 ]
 [10055.176 ]
 [10133.542 ]
 [10041.394 ]
 [10014.937 ]
 [10153.1045]
 [ 9850.172 ]
 [10113.247 ]
 [10162.966 ]
 [10062.137 ]
 [10157.95  ]
 [10188.903 ]
 [10180.588 ]
 [10107.519 ]
 [10143.375 ]
 [10114.903 ]
 [10033.851 ]
 [10130.622 ]
 [10123.657 ]
 [10123.231 ]
 [10153.35  ]
 [10079.073 ]
 [10228.261 ]
 [ 9915.7705]
 [10121.939 ]
 [10129.04  ]
 [10076.933 ]
 [10284.098 ]
 [ 9949.347 ]
 [10135.853 ]
 [10247.308 ]
 [10194.695 ]
 [10158.376 ]
 [ 9988.044 ]
 [10099.463 ]
 [10229.991 ]
 [10237.927 ]
 [10161.376 ]
 [10003.385 ]
 [10169.995 ]
 [10253.454 ]
 [10252.327 ]
 [10103.665 ]
 [ 9936.883 ]
 [10154.784 ]
 [10183.836 ]
 [10194.971 ]
 [10184.127 ]
 [ 9916.062 ]
 [10135.36  ]
 [10218.114 ]
 [10166.039 ]
 [10154.451 ]
 [ 9951.906 ]
 [10177.678 ]
 [10128.469 ]
 [10188.157 ]
 [10187.858 ]
 [ 9889.315 ]
 [10294.585 ]
 [10437.524 ]
 [10323.721 ]
 [10368.81  ]
 [10162.708 ]
 [10300.524 ]
 [10359.2705]
 [10104.27  ]
 [10426.883 ]
 [10175.034 ]
 [10352.793 ]
 [10203.897 ]
 [10452.64  ]
 [10259.185 ]
 [10230.403 ]
 [10110.114 ]
 [10254.997 ]
 [10120.074 ]
 [10421.464 ]
 [10276.698 ]
 [10413.119 ]
 [10277.771 ]
 [10320.06  ]
 [10225.024 ]
 [10335.053 ]
 [10304.947 ]
 [10264.391 ]
 [10284.664 ]
 [10292.031 ]
 [10230.351 ]
 [10342.845 ]
 [10249.758 ]
 [10302.815 ]
 [10264.963 ]
 [10333.106 ]
 [10377.613 ]
 [10063.122 ]
 [10440.729 ]
 [10301.173 ]
 [10345.032 ]
 [10424.096 ]
 [10105.974 ]
 [10308.441 ]
 [10454.328 ]
 [10290.572 ]
 [10488.374 ]
 [10127.599 ]
 [10294.88  ]
 [10598.475 ]
 [10510.052 ]
 [10321.847 ]
 [10144.3955]
 [10384.963 ]
 [10375.125 ]
 [10361.143 ]
 [10331.622 ]
 [10107.556 ]
 [10189.827 ]
 [10351.437 ]
 [10270.336 ]
 [10365.033 ]
 [10035.817 ]
 [10359.427 ]
 [10393.548 ]
 [10311.028 ]
 [10397.628 ]
 [10137.179 ]
 [10308.782 ]
 [10285.82  ]
 [10320.92  ]
 [10400.249 ]
 [10131.789 ]
 [10340.674 ]
 [10298.221 ]
 [10712.09  ]
 [10617.302 ]
 [10223.055 ]
 [10373.889 ]
 [10445.734 ]
 [10417.641 ]
 [10576.253 ]
 [10475.377 ]
 [10354.935 ]
 [10377.037 ]
 [10562.367 ]
 [10305.295 ]
 [10356.483 ]
 [10453.401 ]
 [10389.335 ]
 [10407.575 ]
 [10544.537 ]
 [10520.653 ]
 [10443.842 ]
 [10296.905 ]
 [10474.1   ]
 [10386.9795]
 [10469.505 ]
 [10395.886 ]
 [10338.323 ]
 [10456.752 ]
 [10387.432 ]
 [10623.724 ]
 [10387.301 ]
 [10597.978 ]
 [10457.195 ]
 [10447.77  ]
 [10282.532 ]
 [10541.832 ]
 [10231.497 ]
 [10466.692 ]
 [10353.392 ]
 [10209.283 ]
 [10572.595 ]
 [10143.972 ]
 [10444.4795]
 [10600.613 ]
 [10471.736 ]
 [10504.081 ]
 [10201.629 ]
 [10512.33  ]
 [10394.568 ]
 [10468.4   ]
 [10412.433 ]
 [10185.581 ]
 [10355.803 ]
 [10433.189 ]
 [10417.14  ]
 [10412.185 ]
 [10237.523 ]
 [10762.93  ]
 [10403.282 ]
 [10519.552 ]
 [10589.953 ]
 [10072.399 ]
 [10412.157 ]
 [10595.351 ]
 [10491.024 ]
 [10609.005 ]
 [10110.201 ]
 [10351.547 ]
 [10582.244 ]
 [10521.269 ]
 [10598.663 ]
 [10143.923 ]]",-0.1418427973985672,10235.6337890625,178.23155212402344
